Date,Open,High,Low,Close,Volume
2020-02-25,5.02043,5.10761,5.02043,5.10761,2699.9
2020-02-26,5.10761,5.10761,4.98555,5.02043,13344.2
2020-02-27,4.95067,4.95067,4.7764,4.81126,26527.7
2020-02-28,4.60202,4.60202,4.28824,4.39286,10581.5
2020-03-02,4.358,4.358,4.00935,4.14875,43000.2
2020-03-03,4.32312,4.56725,4.32312,4.47997,26121.4
2020-03-04,4.32312,4.42774,4.22722,4.39286,3876.98
2020-03-05,4.42774,4.42774,4.24466,4.32312,16470.2
2020-03-06,4.01807,4.09653,3.92216,3.95703,12937.9
2020-03-09,3.82626,3.82626,3.49513,3.57352,18355.3
2020-03-10,3.72181,3.75659,3.67814,3.67814,17069.2
2020-03-11,3.48641,3.57352,3.48641,3.57352,1068.06
2020-03-12,3.15519,3.27718,2.96348,3.27718,42912.1
2020-03-13,3.57352,3.81762,3.48641,3.66941,98368
2020-03-16,3.39923,3.39923,3.05058,3.25982,140942
2020-03-17,3.32085,3.32085,3.09417,3.22496,136325
2020-03-18,3.22496,3.22496,3.09417,3.09417,2227.53
2020-03-19,3.0593,3.12905,2.80656,2.82399,9458.46
2020-03-20,3.30332,3.35563,3.0157,3.16392,19838.5
2020-03-23,2.90245,3.17256,2.90245,3.02443,53860.4
2020-03-24,3.03323,3.13776,2.70193,2.70193,8142.65
2020-03-25,3.07673,3.25982,3.03323,3.05058,10591.5
2020-03-26,3.08545,3.38179,3.08545,3.38179,32649.8
2020-03-27,3.26845,3.26845,3.05058,3.12033,90507.3
2020-03-30,2.98955,3.04187,2.8327,2.95467,82644.3
2020-03-31,3.0157,3.2423,3.0157,3.2423,4908.71
2020-04-01,3.05058,3.08545,2.98083,3.08545,7680.18
2020-04-02,3.0157,3.10298,2.96348,3.06811,49805
2020-04-03,2.90245,2.94596,2.8327,2.84143,52097.5
2020-04-06,2.84143,3.05058,2.84143,3.05058,5816.02
2020-04-07,3.08545,3.34692,3.08545,3.19879,1550.35
2020-04-08,3.17256,3.25982,3.13776,3.19879,26821.7
2020-04-09,3.22496,3.46027,3.15519,3.38179,46310.1
2020-04-14,3.41666,3.41666,3.26845,3.37308,26609.2
2020-04-15,3.37308,3.40795,3.14649,3.19879,28157.3
2020-04-16,3.28598,3.31204,3.19879,3.2423,181396
2020-04-17,3.28598,3.34692,3.28598,3.30332,10147.7
2020-04-20,3.30332,3.32085,3.19008,3.22496,7227.63
2020-04-21,3.0593,3.0593,2.91108,2.92861,32958.1
2020-04-22,3.06811,3.09417,2.95467,3.08545,142814
2020-04-23,3.11161,3.16392,3.02443,3.16392,12484.2
2020-04-24,3.06811,3.12905,3.0157,3.05058,2532.53
2020-04-27,3.12905,3.16392,3.06811,3.11161,4275.58
2020-04-28,2.99836,3.14649,2.99836,3.11161,1841.04
2020-04-29,3.23367,3.32085,3.13776,3.2947,58505.9
2020-04-30,3.4341,3.56479,3.4341,3.52991,134994
2020-05-01,3.20742,3.21623,3.17256,3.20742,7118.62
2020-05-04,3.11161,3.11161,3.05058,3.05058,15473.7
2020-05-05,3.13776,3.13776,3.0593,3.12905,13672.3
2020-05-06,3.17256,3.18136,3.17256,3.18136,6547.15
2020-05-07,3.15519,3.17256,3.15519,3.15519,1628.53
2020-05-11,3.15519,3.17256,3.15519,3.15519,1628.53
2020-05-12,3.03323,3.36444,3.03323,3.2511,79990.6
2020-05-13,3.22496,3.22496,3.06811,3.11161,5795.1
2020-05-14,3.0593,3.0593,2.98083,2.98083,4875.68
2020-05-15,3.12905,3.12905,3.0593,3.12033,3274.67
2020-05-18,3.0157,3.10298,2.99836,3.09417,40813.4
2020-05-19,3.15519,3.15519,3.02443,3.0593,8220.83
2020-05-20,3.20742,3.22496,3.20742,3.22496,905.106
2020-05-21,3.2423,3.2423,3.14649,3.14649,5618.92
2020-05-22,3.13776,3.13776,3.06811,3.12033,9765.67
2020-05-26,3.21623,3.22496,3.12033,3.22496,6191.49
2020-05-27,3.2511,3.2511,3.22496,3.2423,16097
2020-05-28,3.31204,3.4341,3.2511,3.39051,79356.4
2020-05-29,3.30332,3.38179,3.2947,3.35563,413860
2020-06-01,3.59967,3.73916,3.57352,3.62582,22727.8
2020-06-02,3.62582,3.8002,3.62582,3.78276,68164.8
2020-06-03,3.70429,3.76532,3.66941,3.713,36586.3
2020-06-04,3.6607,3.72181,3.64326,3.68694,8866.07
2020-06-05,3.90482,4.06166,3.90482,4.04422,38714.7
2020-06-08,3.89601,3.9919,3.84379,3.95703,160858
2020-06-09,4.00935,4.12269,3.88728,3.97456,91539
2020-06-10,3.92216,3.97456,3.8002,3.88728,133844
2020-06-11,3.68694,3.68694,3.49513,3.66941,24780.3
2020-06-12,3.51257,3.74788,3.51257,3.62582,4967.07
2020-06-15,3.48641,3.713,3.46027,3.6607,10393.3
2020-06-16,3.74788,3.74788,3.48641,3.59103,44677.2
2020-06-17,3.57352,3.78276,3.53872,3.63454,14861.5
2020-06-18,3.61719,3.82626,3.59103,3.6607,36378.2
2020-06-19,3.72181,3.89601,3.55616,3.55616,389067
2020-06-22,3.6607,3.78276,3.6607,3.75659,27326
2020-06-23,3.76532,3.87866,3.76532,3.80891,23910.4
2020-06-24,3.78276,3.80891,3.68694,3.68694,8639.24
2020-06-25,3.70429,3.70429,3.58232,3.64326,47251.6
2020-06-26,3.73044,3.73044,3.61719,3.62582,38530.8
2020-06-29,3.61719,3.63454,3.52129,3.57352,311403
2020-06-30,3.79139,3.79139,3.64326,3.66941,22327
2020-07-01,3.66941,3.72181,3.66941,3.68694,8095.3
2020-07-02,3.72181,3.82626,3.713,3.78276,224937
2020-07-03,3.79139,3.79139,3.67814,3.73916,36128.2
2020-07-06,3.89601,3.93968,3.86113,3.91353,15733.6
2020-07-07,3.81762,3.81762,3.74788,3.80891,36043.4
2020-07-08,3.89601,3.9919,3.74788,3.79139,47742.6
2020-07-09,3.95703,3.96575,3.8525,3.88728,60064
2020-07-10,3.80891,3.83506,3.75659,3.77403,33341.3
2020-07-13,3.87866,3.92216,3.87866,3.92216,4229.33
2020-07-14,3.83506,3.86113,3.8002,3.86113,9004.81
2020-07-15,3.87866,3.87866,3.86994,3.86994,1950.05
2020-07-16,3.79139,3.90482,3.79139,3.90482,20380.3
2020-07-17,4.01807,4.0355,3.89601,3.98329,25951.8
2020-07-20,3.9919,4.01807,3.93968,4.01807,6529.53
2020-07-21,4.02679,4.14012,3.97456,4.14012,6264.17
2020-07-22,4.10525,4.10525,3.96575,4.00063,6200.3
2020-07-23,4.0355,4.05293,3.97456,3.9919,37810.7
2020-07-24,3.86113,3.93968,3.86113,3.93968,9285.59
2020-07-27,4.02679,4.05293,3.98329,4.02679,6161.76
2020-07-28,4.05293,4.07037,4.01807,4.07037,15006.9
2020-07-29,4.20116,4.2709,4.20116,4.23603,69777.9
2020-07-30,4.18362,4.18362,4.10525,4.12269,91823.1
2020-07-31,4.16628,4.17499,4.15755,4.17499,1746.34
2020-08-03,4.24466,4.25338,4.20116,4.25338,17408.4
2020-08-04,4.20987,4.30578,4.20116,4.22722,2702.1
2020-08-05,4.45017,4.54836,4.40559,4.51266,40224.3
2020-08-06,4.58395,4.70883,4.58395,4.61965,60693.8
2020-08-07,4.69103,4.70883,4.69103,4.70883,2103.1
2020-08-10,4.74452,4.79801,4.69103,4.76232,45572.4
2020-08-11,4.90508,4.94069,4.8515,4.90508,42527.8
2020-08-12,4.8337,4.92288,4.8159,4.92288,9797.6
2020-08-13,4.79801,4.8515,4.65534,4.79801,12123.1
2020-08-14,4.99427,5.01207,4.8515,4.88719,6505.31
2020-08-17,4.94069,5.22612,4.94069,5.02987,56605.4
2020-08-18,5.01207,5.17264,4.97638,5.02987,12756.2
2020-08-19,5.02987,5.10125,5.01207,5.01207,127148
2020-08-20,5.08344,5.08344,4.99427,5.01207,9051.06
2020-08-21,5.10125,5.10125,5.01207,5.01207,6510.81
2020-08-24,5.06556,5.10125,4.99427,5.01207,54116.9
2020-08-25,5.01207,5.01207,4.88719,4.97638,8424.53
2020-08-26,4.97638,4.99427,4.92288,4.99427,19979.5
2020-08-27,5.02987,5.17264,5.01207,5.06556,12358.7
2020-08-28,5.10125,5.10125,4.8159,4.86939,324664
2020-09-01,4.8337,5.15474,4.8337,5.15474,151973
2020-09-02,5.11906,5.27962,5.08344,5.20823,55178.4
2020-09-03,5.20823,5.24393,5.11906,5.11906,35745
2020-09-04,5.01207,5.01207,4.95858,4.95858,2833.13
2020-09-07,4.97638,5.04775,4.90508,5.04775,12302.6
2020-09-08,4.95858,4.95858,4.67313,4.76232,44644.1
2020-09-09,4.74452,5.08344,4.69103,5.02987,65255.7
2020-09-10,4.90508,4.90508,4.86939,4.88719,37811.8
2020-09-11,4.78021,4.88719,4.74452,4.8515,9808.62
2020-09-14,4.8159,4.88719,4.76232,4.8159,12857.5
2020-09-15,4.8159,4.90508,4.8159,4.8515,11750.9
2020-09-16,4.90508,4.90508,4.88719,4.88719,218.018
2020-09-17,4.78021,4.8515,4.67313,4.8159,34117.6
2020-09-18,4.8337,4.8337,4.72671,4.72671,41998.2
2020-09-21,4.67313,4.67313,4.40559,4.40559,4496.9
2020-09-22,4.47697,4.47697,4.38779,4.38779,17981
2020-09-23,4.2808,4.3164,4.23621,4.24511,18668
2020-09-24,4.10243,4.10243,4.08455,4.08455,6716.72
2020-09-25,4.17372,4.18263,4.17372,4.17372,8566.57
2020-09-28,4.2808,4.2808,4.27181,4.27181,5746.65
2020-09-29,4.34319,4.34319,4.34319,4.34319,4714.92
2020-09-30,4.2808,4.3343,4.26291,4.3343,42939.6
2020-10-01,4.37888,4.37888,4.37888,4.37888,1.1011
2020-10-02,4.34319,4.34319,4.34319,4.34319,45.1451
2020-10-05,4.53045,4.61965,4.53045,4.53045,5385.49
2020-10-06,4.51266,4.51266,4.45916,4.45916,3281.28
2020-10-07,4.44128,4.44128,4.37888,4.38779,115272
2020-10-08,4.42347,4.53045,4.37888,4.40559,37844.8
2020-10-09,4.47697,4.47697,4.34319,4.36998,47185.5
2020-10-12,4.2808,4.45916,4.2808,4.34319,60024.3
2020-10-13,4.37888,4.42347,4.35209,4.36998,32305.2
2020-10-14,4.41458,4.54836,4.41458,4.49476,1730.93
2020-10-15,4.58395,4.58395,4.43237,4.44128,18186.9
2020-10-16,4.58395,4.74452,4.58395,4.63754,1270.67
2020-10-19,4.74452,4.76232,4.67313,4.67313,3078.68
2020-10-20,4.70883,4.70883,4.63754,4.65534,5581.48
2020-10-21,4.88719,4.88719,4.72671,4.8515,12436.9
2020-10-22,4.90508,5.08344,4.8337,4.86939,15964.8
2020-10-23,5.11906,5.13694,4.99427,4.99427,22813.7
2020-10-26,4.8337,4.8337,4.78021,4.78021,348491
2020-10-27,4.86939,4.88719,4.8515,4.86939,181291
2020-10-28,4.8337,4.8337,4.58395,4.63754,105880
2020-10-29,4.67313,4.70883,4.63754,4.69103,22473.5
2020-10-30,4.70883,4.76232,4.63754,4.72671,45723.2
2020-11-02,4.65534,4.70883,4.61965,4.70883,27890.9
2020-11-03,4.78021,4.78021,4.70883,4.70883,6953.46
2020-11-04,4.69103,4.8337,4.69103,4.8337,2299.1
2020-11-05,4.94069,5.10125,4.94069,5.10125,3694.19
2020-11-06,5.04775,5.04775,5.02987,5.04775,8071.08
2020-11-09,5.10125,5.44018,5.10125,5.24393,8813.22
2020-11-10,5.04775,5.22612,4.99427,5.22612,8730.64
2020-11-11,5.4223,5.65415,5.4223,5.56497,8819.83
2020-11-12,5.47578,5.54717,5.47578,5.52937,13266
2020-11-13,5.51147,6.02878,5.47578,6.01089,39779.5
2020-11-16,5.8861,5.8861,5.79692,5.83251,8824.23
2020-11-17,6.15365,6.29633,6.08226,6.17145,10436.2
2020-11-18,6.04658,6.11796,6.04658,6.10007,20319.7
2020-11-19,6.24283,6.24283,6.17145,6.17145,8542.35
2020-11-20,6.20714,6.29633,6.15365,6.27844,12280.5
2020-11-23,6.34982,6.4212,6.31412,6.3855,24408.1
2020-11-24,6.49249,6.49249,6.439,6.49249,22686
2020-11-25,6.47469,6.47469,6.34982,6.36762,26159.9
2020-11-26,6.56388,6.77793,6.51039,6.70654,13402.6
2020-11-27,6.72436,6.97411,6.51039,6.84922,31310.9
2020-11-30,6.83143,6.9919,6.61737,6.9919,102193
2020-12-01,6.95621,7.08108,6.95621,7.0276,22808.2
2020-12-02,7.18816,7.36652,7.18816,7.25946,10779.7
2020-12-03,7.4735,7.4735,7.40213,7.43782,106866
2020-12-04,7.5092,7.5092,7.38432,7.43782,138037
2020-12-07,7.40213,7.42002,7.29515,7.33083,80531.3
2020-12-08,7.36652,7.40213,7.33083,7.34864,1736.43
2020-12-09,7.38432,7.40213,7.22376,7.25946,3707.41
2020-12-10,7.40213,7.43782,7.29515,7.36652,5308.41
2020-12-11,7.38432,7.5092,7.38432,7.49131,17364.3
2020-12-14,8.02642,8.11559,7.42002,7.42002,36879.2
2020-12-15,7.56269,7.86593,7.54489,7.86593,25289
2020-12-16,8.27617,8.27617,7.75886,7.84804,21040.9
2020-12-17,8.02642,8.02642,7.59839,7.77675,8399.2
2020-12-18,7.63407,7.72326,7.63407,7.72326,171635
2020-12-21,7.66968,7.74106,7.00979,7.06328,15420.9
2020-12-22,7.15247,7.63407,7.13457,7.27735,175462
2020-12-23,7.31294,7.49131,7.31294,7.4735,153546
2020-12-24,7.527,7.54489,7.49131,7.49131,422.823
2020-12-29,7.54489,7.68756,7.54489,7.5805,12662.6
2020-12-30,7.59839,7.90163,7.5805,7.84804,42620.3
2020-12-31,7.90163,7.90163,7.72326,7.72326,12246.4
2021-01-04,8.15128,8.40103,8.11559,8.29396,30871.6
2021-01-05,8.18698,8.24047,8.13349,8.22267,8219.72
2021-01-06,8.29396,8.45453,8.18698,8.45453,22579.2
2021-01-07,8.68675,8.77575,8.56151,8.66858,48651.1
2021-01-08,8.65042,8.65042,8.47232,8.52591,14704.1
2021-01-11,8.22267,8.36534,8.22267,8.27617,26045.4
2021-01-12,8.40103,8.40103,8.29396,8.32965,5245.65
2021-01-13,8.40103,8.50802,8.31185,8.45453,10001.3
2021-01-14,8.43673,8.57941,8.40103,8.49021,19830.8
2021-01-15,8.50802,8.57941,8.49021,8.54371,61103.4
2021-01-18,8.09779,8.16918,8.00861,8.16918,35633.8
2021-01-19,8.18698,8.52591,8.18698,8.25836,17506.4
2021-01-20,8.41884,8.49021,8.25836,8.40103,19363.9
2021-01-21,8.29396,8.32965,8.13349,8.18698,4882.28
2021-01-22,7.86593,8.02642,7.68756,7.81245,17666
2021-01-25,7.95513,8.0443,7.88374,7.88374,11067.1
2021-01-26,7.88374,8.02642,7.86593,7.93722,22106.8
2021-01-27,7.93722,7.93722,7.56269,7.81245,40894.9
2021-01-28,7.81245,8.07999,7.5805,7.75886,17312.6
2021-01-29,7.83024,7.83024,7.18816,7.45571,63932.2
2021-02-01,7.5805,7.77675,7.5805,7.70537,1532.73
2021-02-02,7.75886,7.83024,7.70537,7.70537,2615.11
2021-02-03,7.86593,7.99081,7.86593,7.97292,5680.58
2021-02-04,8.31185,8.31185,7.77675,7.88374,80032.5
2021-02-05,8.0621,8.57941,8.0443,8.47232,3921.02
2021-02-08,8.34755,8.61509,8.34755,8.56151,6097.9
2021-02-09,8.52591,8.86475,8.07999,8.77575,60407.5
2021-02-10,8.38315,8.45453,8.24047,8.36534,94953.5
2021-02-11,8.43673,8.50802,8.29396,8.47232,57521.5
2021-02-12,8.36534,8.36534,8.31185,8.31185,1794.79
2021-02-15,8.29396,8.29396,8.25836,8.25836,371.071
2021-02-16,8.50802,8.65042,8.36534,8.43673,9528.94
2021-02-17,8.49021,8.49021,8.49021,8.49021,475.676
2021-02-18,8.61509,8.68675,8.27617,8.40103,23550.3
2021-02-19,8.16918,8.22267,8.02642,8.16918,30504.9
2021-02-22,8.31185,8.41884,8.22267,8.27617,29738.5
2021-02-23,8.65042,9.00733,8.59721,8.96284,43841.4
2021-02-24,8.65042,8.91833,8.49021,8.82933,48226
2021-02-25,8.91833,9.14084,8.91833,9.09634,10853.5
2021-02-26,8.68675,8.68675,8.31185,8.43673,55411.8
2021-03-01,8.74033,8.82933,8.704,8.82933,2115.21
2021-03-02,8.91833,8.96284,8.81117,8.81117,7691.2
2021-03-03,9.27524,9.36426,9.23075,9.23075,34224.4
2021-03-04,9.18625,9.18625,8.96284,8.96284,6314.82
2021-03-05,8.90017,9.00733,8.72217,8.86475,7071.27
2021-03-08,8.88291,9.00733,8.8466,8.88291,6494.3
2021-03-09,8.81117,8.81117,8.52591,8.75758,31881.3
2021-03-10,8.59721,8.82933,8.56151,8.82933,6642.95
2021-03-11,9.14084,9.14084,8.96284,9.05184,10141.1
2021-03-12,8.8466,8.96284,8.75758,8.75758,3121.62
2021-03-15,8.77575,9.00733,8.77575,8.88291,8853.96
2021-03-16,8.793,8.8466,8.74033,8.75758,4662.06
2021-03-17,8.66858,8.66858,8.40103,8.43673,37241.4
2021-03-18,8.75758,8.75758,8.36534,8.52591,5986.69
2021-03-19,8.57941,9.00733,8.57941,9.00733,61441.5
2021-03-22,9.00733,9.18625,9.00733,9.14084,26983.6
2021-03-23,8.91833,9.14084,8.91833,8.96284,15588.3
2021-03-24,8.57941,8.66858,8.49021,8.52591,27013.3
2021-03-25,8.56151,8.91833,8.52591,8.704,6562.57
2021-03-26,9.18625,9.45326,9.14084,9.40875,70384.6
2021-03-29,9.54229,9.54229,9.31975,9.49776,8950.86
2021-03-30,9.72113,9.72113,9.5868,9.6767,2262.76
2021-03-31,9.85467,10.4786,9.85467,10.256,270399
2021-04-01,10.3896,10.524,10.256,10.4786,17088
2021-04-06,10.613,10.6575,10.3896,10.3896,1335.63
2021-04-07,10.5685,10.8355,10.524,10.8355,12474.3
2021-04-08,11.237,11.237,10.7021,10.88,56695.7
2021-04-09,10.6575,10.88,10.5685,10.791,36738.2
2021-04-12,10.3005,10.3896,10.1226,10.3451,46435.6
2021-04-13,10.2116,10.4786,10.2116,10.4786,12582.2
2021-04-14,10.6575,10.7021,10.613,10.613,14325.3
2021-04-15,10.7021,10.7021,10.4341,10.7021,26455
2021-04-16,10.7021,10.88,10.7021,10.7021,172976
2021-04-19,10.7465,11.1034,10.5685,10.6575,6905.01
2021-04-20,11.1479,11.1479,10.256,10.256,11791.7
2021-04-21,10.1671,10.7465,10.1671,10.7465,3869.27
2021-04-22,10.8355,11.2814,10.7021,10.7021,4883.38
2021-04-23,10.9245,11.1924,10.8355,11.1924,14824.1
2021-04-26,11.4158,11.4604,11.0144,11.3259,25186.6
2021-04-27,11.9952,11.9952,11.3259,11.5494,36491.6
2021-04-28,11.5049,11.7719,11.5049,11.6828,25710.7
2021-04-29,12.1288,12.7081,12.1288,12.6191,29237.5
2021-04-30,12.3077,12.8426,12.2178,12.2623,6838.94
2021-05-04,12.8426,12.9761,12.6191,12.9317,13834.2
2021-05-05,12.798,12.8872,12.6191,12.798,40201.2
2021-05-06,13.244,13.422,13.0651,13.2885,66785.1
2021-05-07,13.957,14.4029,13.957,14.3584,19905.7
2021-05-10,14.7153,14.7598,14.5363,14.5818,30013.8
2021-05-11,14.9377,15.0276,14.8043,14.8932,44662.9
2021-05-12,14.8932,14.8932,14.0459,14.0904,10225.9
2021-05-13,13.9124,14.0459,13.7345,13.9124,17186
2021-05-14,13.69,13.957,13.6454,13.7345,9858.16
2021-05-17,13.4664,14.0014,13.4664,13.8679,5614.52
2021-05-18,14.2693,14.2693,14.1803,14.2693,4298.7
2021-05-19,14.1803,14.2693,13.8679,13.8679,6858.76
2021-05-20,13.4664,13.5556,13.3775,13.5556,5057.36
2021-05-21,13.3775,13.6001,13.2885,13.2885,6336.84
2021-05-24,13.2885,13.2885,13.154,13.1995,9501.41
2021-05-25,13.422,13.4664,13.2885,13.3775,2910.21
2021-05-26,13.1096,13.154,13.0206,13.0651,39886.3
2021-05-27,13.3775,13.4664,13.1995,13.1995,258790
2021-05-28,13.422,13.5109,13.244,13.3775,90216.6
2021-06-01,13.1995,13.2885,13.1096,13.1995,14751.4
2021-06-02,13.333,13.6454,13.244,13.6454,120834
2021-06-03,13.5556,13.5556,13.3775,13.3775,26120.3
2021-06-04,13.333,13.6454,13.333,13.6001,6147.45
2021-06-07,13.6001,13.6454,13.5109,13.6454,4409.91
2021-06-08,13.2885,13.3775,13.244,13.244,5277.58
2021-06-09,13.4664,13.5109,13.154,13.3775,25464
2021-06-10,13.333,13.4664,13.333,13.333,24506.1
2021-06-11,13.422,14.1803,13.422,14.0014,5023.22
2021-06-14,14.0904,14.1358,13.8234,13.957,20232.7
2021-06-15,14.1358,14.1358,13.8679,13.8679,14406.8
2021-06-16,13.6227,13.7136,13.5318,13.5318,23986.4
2021-06-17,13.4865,13.4865,13.3049,13.3503,30351.8
2021-06-18,12.8962,13.2594,12.8508,12.8962,41928.8
2021-06-21,13.1686,13.3049,13.0323,13.3049,293734
2021-06-22,13.4865,13.5318,13.3049,13.3503,86052.2
2021-06-23,13.4411,13.4865,13.1686,13.2594,44580.3
2021-06-24,13.4411,13.6227,13.3957,13.4865,53520.1
2021-06-25,13.986,14.1222,13.9405,14.0768,53995.8
2021-06-28,14.3038,14.3492,14.2585,14.3492,9626.93
2021-06-29,14.1676,14.2585,14.1222,14.213,10551.8
2021-06-30,14.213,14.3038,13.9405,13.986,20719.4
2021-07-01,14.0314,14.1676,13.9405,13.9405,16836.9
2021-07-02,13.8044,13.8044,13.5773,13.7136,10086
2021-07-05,13.8044,14.0768,13.8044,14.0314,4685.19
2021-07-06,14.1222,14.2585,13.8498,13.8951,46694.4
2021-07-07,14.0768,14.7125,14.0768,14.7125,26940.6
2021-07-08,14.4855,14.4855,14.1222,14.213,47311
2021-07-09,14.6672,15.1666,14.6672,15.1666,8968.47
2021-07-12,15.0758,15.1212,14.6672,14.8487,41914.5
2021-07-13,14.8487,14.8942,14.7579,14.8487,21959.2
2021-07-14,14.8033,15.0758,14.8033,15.0758,27507.7
2021-07-15,15.0758,15.212,15.0304,15.1666,45123.1
2021-07-16,15.3029,15.4391,15.212,15.212,15226
2021-07-19,15.4391,15.4391,14.8942,14.8942,52142.7
2021-07-20,14.8487,14.985,14.8033,14.8942,36750.3
2021-07-21,14.8942,15.0304,14.8942,15.0304,11632
2021-07-22,15.2574,15.5753,15.212,15.4391,39538.3
2021-07-23,15.4391,15.5753,15.3482,15.5299,13762.6
2021-07-26,15.6207,15.8024,15.4845,15.6661,14086.4
2021-07-27,15.8478,16.1656,15.8024,16.1202,23713.3
2021-07-28,16.2111,16.7105,16.2111,16.6651,35560.1
2021-07-29,17.4824,17.8457,17.3917,17.6642,15713.8
2021-07-30,17.5733,17.6642,17.3462,17.3462,7676.88
2021-08-02,17.2555,17.2555,17.1193,17.21,12597.7
2021-08-03,17.1193,17.3008,16.9375,17.0738,17933.6
2021-08-04,17.2555,17.2555,17.0284,17.1193,7236.44
2021-08-05,17.2555,17.7095,17.1193,17.6642,8152.56
2021-08-06,17.5279,17.5733,17.21,17.2555,34777.2
2021-08-09,17.3008,17.3008,16.983,17.0284,9308.71
2021-08-10,17.0284,17.0738,16.5742,16.5742,6076.98
2021-08-11,17.0738,17.3462,16.983,17.1646,109324
2021-08-12,17.1646,17.3008,16.8467,16.9375,83360
2021-08-13,17.0738,17.7095,16.8014,17.7095,83919.4
2021-08-16,17.9366,18.4361,17.8457,18.1636,22824.7
2021-08-17,18.1636,18.3453,17.8457,17.8457,31382.5
2021-08-18,18.0728,18.1636,17.9366,17.982,139172
2021-08-19,17.7549,17.8457,17.5733,17.8003,12758.4
2021-08-20,17.0738,17.1646,16.2564,16.5289,69703
2021-08-23,16.438,16.6651,16.3927,16.438,20192
2021-08-24,16.7105,17.1646,16.7105,17.1193,24347.5
2021-08-25,17.0284,17.0284,16.6651,16.8014,24155.9
2021-08-26,16.6651,16.7105,16.4835,16.6651,16557.2
2021-08-27,16.6651,17.1646,16.6651,17.1646,8392.6
2021-08-31,17.6187,18.2544,17.6187,18.2544,451838
2021-09-01,17.6642,17.6642,17.3917,17.4824,11520.8
2021-09-02,17.6187,17.8912,17.5279,17.7549,55000
2021-09-03,17.9366,18.1182,17.8457,18.0275,14379.2
2021-09-06,17.8003,18.1182,17.7549,18.0275,7115.32
2021-09-07,17.8912,17.982,17.5733,17.6187,8932.14
2021-09-08,17.6642,17.8457,17.6187,17.6642,22792.8
2021-09-09,17.7095,18.0275,17.7095,17.982,25381.5
2021-09-10,17.982,18.3453,17.8912,18.1636,107547
2021-09-13,17.982,18.2544,17.8457,18.2544,122058
2021-09-14,18.1182,18.2544,17.9366,18.2544,10649.8
2021-09-15,18.1636,18.2544,18.0728,18.1636,5903.01
2021-09-16,18.0275,18.0275,17.6642,17.7095,7880.58
2021-09-17,17.6187,18.3453,17.0284,17.6642,272532
2021-09-20,16.8921,16.8921,15.1666,15.212,197434
2021-09-21,15.5299,15.984,15.5299,15.9386,28990.9
2021-09-22,16.1202,16.3927,16.0293,16.2111,17707.9
2021-09-23,16.3473,16.3927,16.1656,16.2111,14443.1
2021-09-24,16.0748,16.0748,15.7569,15.984,21559.5
2021-09-27,15.7115,15.8478,15.7115,15.8478,9182.09
2021-09-28,15.6661,15.8478,15.6207,15.7115,11833.5
2021-09-29,15.8478,16.0748,15.7569,16.0293,6267.47
2021-09-30,15.9386,16.3018,15.4391,15.8024,63718.5
2021-10-01,15.8932,16.2111,15.8024,16.0293,23307
2021-10-04,15.984,16.3927,15.984,16.0748,22736.6
2021-10-05,16.1656,16.2111,15.8932,16.0293,33916.1
2021-10-06,15.8478,15.8478,15.3482,15.3936,41370.6
2021-10-07,15.6661,15.8478,15.6661,15.8478,4210.61
2021-10-08,15.7115,15.8932,15.7115,15.7115,5035.34
2021-10-11,15.8478,16.0293,15.7569,15.8024,35323.3
2021-10-12,15.8024,16.3018,15.7569,16.0748,23356.5
2021-10-13,16.5289,16.8014,16.3927,16.6651,16045.2
2021-10-14,16.6651,17.3917,16.6651,17.21,11062.7
2021-10-15,16.5742,17.4824,16.5742,17.4371,13220.9
2021-10-18,18.1636,18.1636,16.8921,16.8921,13509.4
2021-10-19,17.21,17.21,16.6197,16.8921,3661.16
2021-10-20,16.8467,17.2555,16.1202,16.2111,21633.3
2021-10-21,16.1202,16.3018,16.0748,16.0748,19624.9
2021-10-22,15.984,16.1202,15.8024,15.8478,4580.58
2021-10-25,15.8024,16.1202,15.6207,15.7115,10551.8
2021-10-26,15.9386,16.756,15.9386,16.5742,6591.19
2021-10-27,18.1182,18.1182,16.3473,16.5289,35706.5
2021-10-28,16.438,16.438,16.1202,16.438,26434.1
2021-10-29,16.1202,17.21,16.0293,16.3473,8147.05
2021-11-01,16.6197,16.8014,16.438,16.5742,22687.1
2021-11-02,16.5289,16.5289,15.9386,15.984,8424.53
2021-11-03,15.8932,16.2564,15.8932,15.984,20896.7
2021-11-04,16.1656,16.2111,15.8932,16.0748,33345.7
2021-11-05,15.9386,16.2111,15.9386,16.0748,1109.91
2021-11-08,16.2111,16.6651,16.1656,16.5742,28960
2021-11-09,16.3927,16.4835,16.1202,16.1656,15170.9
2021-11-10,15.8932,16.1202,15.7569,15.8932,21119.1
2021-11-11,15.8478,17.1646,15.8478,16.0293,24350.8
2021-11-12,15.7115,16.0293,15.5753,15.9386,6520.72
2021-11-15,15.4391,15.6661,15.0304,15.0304,206548
2021-11-16,15.212,15.2574,14.6218,14.8033,48604.8
2021-11-17,14.8942,15.0758,14.7125,14.7125,2993.89
2021-11-18,14.4855,14.5763,14.3038,14.5763,59223.8
2021-11-19,14.5309,14.5309,14.213,14.3038,20831.7
2021-11-22,14.1676,14.7579,14.1222,14.3947,52064.5
2021-11-23,14.7125,14.7125,14.6218,14.6218,330.33
2021-11-24,14.9396,14.9396,14.1222,14.2585,3353.95
2021-11-25,14.2585,14.44,14.1676,14.1676,684.885
2021-11-26,13.759,13.759,13.214,13.214,1491.99
2021-11-29,13.5318,13.5318,13.2594,13.4411,40931.2
2021-11-30,13.2594,13.2594,12.6236,12.6236,120597
2021-12-01,12.8962,13.1232,12.8054,13.1232,26949.4
2021-12-02,13.214,13.5318,13.214,13.4865,6586.79
2021-12-03,13.4865,13.5318,13.214,13.214,8033.64
2021-12-06,13.214,13.3503,13.1686,13.214,5387.69
2021-12-07,13.6227,13.9405,13.6227,13.9405,5026.53
2021-12-08,14.0314,14.1222,13.8951,14.0314,26043.2
2021-12-09,13.9405,13.986,13.8044,13.9405,41097.5
2021-12-10,13.8498,14.0768,13.8044,13.8498,43459.4
2021-12-13,13.8498,13.9405,13.7136,13.7136,12052.6
2021-12-14,13.759,13.8044,13.6681,13.759,2420.22
2021-12-15,13.7136,13.759,13.4865,13.5318,8154.76
2021-12-16,13.6227,13.759,13.6227,13.759,506.507
2021-12-17,13.4865,13.5318,13.2594,13.3503,54534.2
2021-12-20,12.5783,12.8962,12.5783,12.8508,2539.14
2021-12-21,13.214,13.3049,13.0778,13.214,4706.11
2021-12-22,13.3957,13.6681,13.3957,13.6681,17966.6
2021-12-23,13.5773,13.6681,13.4411,13.6227,2284.78
2021-12-24,13.3957,13.3957,13.2594,13.3503,602.303
2021-12-29,13.4411,13.5318,13.3503,13.4865,5657.46
2021-12-30,13.3049,13.4411,13.2594,13.3503,6705.71
2021-12-31,13.5318,13.5318,13.4411,13.4411,329.229
2022-01-04,13.759,13.9405,13.759,13.9405,6128.73
2022-01-05,14.3038,14.3947,14.2585,14.3492,28462.3
2022-01-06,14.1222,14.213,14.0314,14.0768,3489.39
2022-01-07,13.8951,14.1676,13.8951,14.1222,6257.56
2022-01-10,14.213,14.3492,14.1676,14.2585,16769.7
2022-01-11,13.8951,13.986,13.7136,13.986,5864.47
2022-01-12,14.0314,14.213,13.9405,14.1676,8642.55
2022-01-13,14.8033,14.985,14.8033,14.8942,1715.51
2022-01-14,14.8487,14.985,14.6218,14.6218,10865.6
2022-01-17,14.985,15.0758,14.9396,14.9396,4478.18
2022-01-18,14.985,14.985,14.44,14.4855,12882.8
2022-01-19,14.3947,14.7579,14.3947,14.6218,7370.77
2022-01-20,14.7579,14.8033,14.5763,14.8033,12954.4
2022-01-21,14.3947,14.44,13.9405,14.1676,10559.5
2022-01-24,13.3049,13.3503,12.6236,12.8962,22297.3
2022-01-25,13.4411,13.5318,13.1686,13.3957,34278.4
2022-01-26,13.5318,13.5318,13.3503,13.3957,1847.64
2022-01-27,13.4411,13.4411,13.0323,13.1232,1135.23
2022-01-28,14.3947,14.3947,12.987,13.0778,7727.53
2022-01-31,13.0778,13.3503,13.0778,13.1686,13389.4
2022-02-01,14.1676,14.1676,14.1222,14.1222,2.2022
2022-02-02,14.1222,14.2585,14.0314,14.1222,4706.11
2022-02-03,14.3492,14.3492,13.986,14.1676,10214.9
2022-02-04,14.3038,14.3492,13.214,13.6681,20391.3
2022-02-07,14.0314,14.3492,14.0314,14.2585,3630.33
2022-02-08,14.44,14.9396,14.44,14.8942,3327.53
2022-02-09,14.6672,14.9396,14.6218,14.9396,5201.6
2022-02-10,15.1212,15.1666,14.9396,15.0758,4228.23
2022-02-11,15.212,15.3029,15.0758,15.1666,2691.09
2022-02-14,14.7579,14.7579,13.5773,14.3947,13724.1
2022-02-15,14.0768,14.7125,14.0314,14.4855,25156.8
2022-02-16,14.5763,14.6218,14.3492,14.6218,16894.2
2022-02-17,14.44,14.5309,14.44,14.5309,6025.23
2022-02-18,14.6672,14.7125,14.3947,14.3947,4114.81
2022-02-21,14.7125,14.7125,14.3038,14.3038,360.06
2022-02-22,13.759,13.8951,13.4411,13.7136,17982.1
2022-02-23,14.0768,14.0768,13.7136,13.8044,3200.9
2022-02-24,13.1686,13.3503,12.8054,12.9416,5110.21
2022-02-25,13.8044,14.2585,13.7136,14.0768,7693.4
2022-02-28,14.5763,14.9396,14.5309,14.9396,1953.35
2022-03-01,14.7125,18.1636,14.5763,14.985,18729.7
2022-03-02,15.4391,15.6207,15.1666,15.6207,7896
2022-03-03,15.7569,15.7569,15.4845,15.4845,4314.11
2022-03-04,15.0758,15.0758,14.6672,14.6672,19507.1
2022-03-07,14.7579,15.4391,14.7579,15.3029,2748.35
2022-03-08,14.8942,14.8942,14.4855,14.4855,28063.7
2022-03-09,14.6218,14.8942,14.5763,14.8033,80503.7
2022-03-10,15.212,15.5299,15.0758,15.2574,29047
2022-03-11,15.3482,15.5299,15.1666,15.212,8449.85
2022-03-14,14.985,15.4391,14.985,15.212,6341.24
2022-03-15,14.8033,14.8033,14.44,14.6218,36107.3
2022-03-16,14.9396,15.2574,14.7125,15.1666,12145.1
2022-03-17,15.6207,15.6207,15.3936,15.3936,3530.13
2022-03-18,15.1666,15.3482,15.1666,15.212,8390.4
2022-03-21,15.7115,15.7115,15.5299,15.5753,4945.05
2022-03-22,15.4845,15.7569,15.3482,15.5753,11120
2022-03-23,15.7115,15.8932,15.6661,15.7569,3182.18
2022-03-24,15.9386,16.0748,15.8024,16.0748,4265.67
2022-03-25,16.0748,16.0748,15.7115,15.7569,1178.17
2022-03-28,15.8932,15.9386,15.8478,15.9386,1236.53
2022-03-29,15.8478,16.2111,15.8024,16.0293,8827.53
2022-03-30,15.6207,15.6207,15.4845,15.4845,2410.31
2022-03-31,15.6661,15.6661,15.3482,15.3482,16506.6
2022-04-01,15.5753,15.8024,15.5299,15.7115,8347.45
2022-04-04,16.0748,16.1656,15.7115,16.1656,13231.9
2022-04-05,16.1656,16.2111,15.984,16.0748,86.987
2022-04-06,16.438,16.4835,16.1656,16.3018,2970.77
2022-04-07,16.1656,16.1656,15.8932,15.8932,5235.74
2022-04-08,16.438,16.438,16.1202,16.3018,19078.8
2022-04-11,16.2111,16.2111,16.0293,16.0293,2492.89
2022-04-12,15.5753,15.6661,15.3936,15.6207,8021.53
2022-04-13,15.6207,15.7115,15.4391,15.6207,12900.5
2022-04-14,15.6661,15.7115,15.4391,15.5299,6365.47
2022-04-19,15.8478,15.8478,15.4391,15.5299,5529.73
2022-04-20,15.4391,15.5753,15.3482,15.4845,4645.55
2022-04-21,15.3029,15.5299,15.3029,15.4845,4267.87
2022-04-22,15.212,15.212,14.9396,15.0758,5338.14
2022-04-25,14.3038,14.6218,14.213,14.3947,8550.06
2022-04-26,14.5309,14.5309,14.2585,14.3038,6461.26
2022-04-27,14.3038,14.5763,14.3038,14.5763,5860.06
2022-04-28,14.6672,14.8033,14.5763,14.6672,12566.8
2022-04-29,14.9396,15.1212,14.7579,14.7579,9848.25
2022-05-03,15.3936,15.4391,15.1212,15.4391,5666.27
2022-05-04,15.0758,15.1666,14.8487,14.8487,4167.67
2022-05-05,15.4391,15.4391,15.0758,15.0758,6500.9
2022-05-06,14.6672,14.9396,14.6672,14.9396,4518.92
2022-05-09,14.6218,14.6218,14.44,14.44,5789.59
2022-05-10,14.0314,14.0314,13.4411,13.4411,1516.21
2022-05-11,13.2594,13.759,13.2594,13.759,2246.24
2022-05-12,13.0323,13.1686,12.7599,13.1232,11787.3
2022-05-13,13.0778,13.0778,12.7599,12.8962,3359.46
2022-05-16,12.8054,12.8508,12.6236,12.8054,5916.22
2022-05-17,13.214,13.986,13.214,13.8044,14957.3
2022-05-18,13.8044,13.8951,13.6227,13.6227,5555.06
2022-05-19,13.0778,13.2594,13.0778,13.2594,1966.56
2022-05-20,13.214,13.6227,13.214,13.6227,1076.87
2022-05-23,12.6691,12.6691,11.8972,11.988,2118.52
2022-05-24,11.8063,11.8972,11.4885,11.5793,18447.8
2022-05-25,11.5339,11.5339,11.3976,11.443,12642.8
2022-05-26,11.6248,12.3058,11.5793,12.3058,4605.91
2022-05-27,12.0334,12.0334,11.8972,12.0334,5682.78
2022-05-30,12.1243,12.215,12.0334,12.0334,9749.16
2022-05-31,12.1696,12.3512,11.8972,11.8972,43725.8
2022-06-01,12.215,12.3058,12.215,12.3058,28373.2
2022-06-06,12.4421,12.5783,12.3967,12.4421,10277.6
2022-06-07,12.2605,12.4421,12.215,12.215,2511.61
2022-06-08,12.4875,12.533,12.3967,12.4421,5002.3
2022-06-09,12.1696,12.1696,11.8063,11.8063,26130.2
2022-06-10,11.8063,11.8517,11.5793,11.6702,5833.64
2022-06-13,11.3976,11.443,11.2615,11.3068,6692.5
2022-06-14,11.443,11.5339,11.3523,11.5339,14006
2022-06-15,11.3915,11.6288,11.344,11.5813,31388.6
2022-06-16,11.2491,11.2491,10.7744,10.7744,28415.9
2022-06-17,10.9169,10.9169,10.6795,10.822,36422.9
2022-06-20,10.5372,10.5372,10.2524,10.4896,2961.15
2022-06-21,10.5846,10.7744,10.5846,10.6795,1088.17
2022-06-22,10.3473,10.3473,10.0151,10.2524,1551.68
2022-06-23,10.0625,10.2524,9.96761,10.2524,26120.5
2022-06-24,10.2524,10.4422,10.2048,10.4422,4119.91
2022-06-27,10.4896,10.4896,10.2998,10.2998,8109.2
2022-06-28,10.4896,10.5372,10.2524,10.2524,64598.6
2022-06-29,10.4896,10.4896,10.3473,10.3947,8196.63
2022-06-30,10.3473,10.3473,10.2048,10.2998,211.736
2022-07-01,10.2524,10.5372,10.2048,10.5372,746.872
2022-07-04,10.2524,10.2524,10.0625,10.2524,1598.03
2022-07-05,10.3473,10.4422,9.96761,10.0625,13282.5
2022-07-06,10.0151,10.2998,10.0151,10.2998,5296.58
2022-07-07,10.3473,10.9169,10.1574,10.9169,6957.81
2022-07-08,10.5846,10.5846,10.3473,10.5846,1059.73
2022-07-11,10.5372,10.9643,10.5372,10.822,2946.4
2022-07-12,10.5846,10.7744,10.5372,10.7744,3571.08
2022-07-13,10.6321,10.7744,10.5372,10.727,9836.8
2022-07-14,10.6321,10.6795,10.4896,10.6795,823.771
2022-07-15,10.3473,10.6321,10.3473,10.6321,12140.6
2022-07-18,10.5372,10.6795,10.5372,10.6795,3397.26
2022-07-19,10.7744,10.8694,10.727,10.8694,427.687
2022-07-20,11.0118,11.0118,10.9643,10.9643,51425.7
2022-07-21,11.2491,11.2491,11.1068,11.1068,17653.1
2022-07-22,11.2017,11.2017,11.1068,11.1542,15616.9
2022-07-25,11.439,11.4864,11.2491,11.4864,5457.75
2022-07-26,11.439,11.5339,11.2491,11.3915,49900.3
2022-07-27,11.3915,11.6762,11.344,11.6288,9938.98
2022-07-28,11.6288,11.6288,11.6288,11.6288,0
2022-07-29,16.138,16.138,12.6731,13.2426,2536.62
2022-08-01,13.1952,13.1952,12.6731,12.7679,50711.4
2022-08-02,12.8154,12.9104,12.7205,12.8154,39718
2022-08-03,12.7205,12.8629,12.6731,12.8629,2395.46
2022-08-04,12.8154,12.9104,12.8154,12.8154,2594.56
2022-08-05,12.8629,12.8629,12.7205,12.7679,1589.6
2022-08-08,12.8154,12.8154,12.6256,12.6256,23263.6
2022-08-09,12.6731,12.7679,12.6256,12.6731,35907.8
2022-08-10,12.8154,13.1002,12.8154,13.1002,86200
2022-08-11,12.9578,12.9578,12.9578,12.9578,934.38
2022-08-12,13.1952,13.2426,13.1952,13.2426,135.89
2022-08-15,13.2426,13.2426,13.2426,13.2426,0
2022-08-16,13.2426,13.385,13.2426,13.385,4834.13
2022-08-17,13.3375,13.3375,13.2426,13.2426,463.503
2022-08-18,13.1002,13.2901,13.1002,13.2901,8616.95
2022-08-19,13.0053,13.1477,12.9104,12.9104,116852
2022-08-22,12.7679,12.7679,12.4832,12.4832,28134.6
2022-08-23,12.5782,12.7679,12.5782,12.7205,7782.64
2022-08-24,12.7205,12.7205,12.5306,12.5782,29056.3
2022-08-25,12.6256,12.6256,12.5306,12.5306,738.445
2022-08-26,12.9104,12.9104,12.6731,12.6731,54654.4
2022-08-30,12.7205,12.8629,12.6731,12.8629,34013.7
2022-08-31,12.6256,12.6731,12.5306,12.5782,25967.7
2022-09-01,12.6731,12.6731,12.4832,12.6256,2494.49
2022-09-02,12.4832,12.6256,12.3883,12.6256,2848.43
2022-09-05,12.6731,12.7679,12.6256,12.7679,6281.52
2022-09-06,12.7205,12.9578,12.7205,12.8629,5062.72
2022-09-07,12.7205,12.7679,12.7205,12.7679,905.938
2022-09-08,12.6256,12.7205,12.5306,12.7205,7618.31
2022-09-09,12.6731,12.6731,12.5782,12.6731,4232.62
2022-09-12,13.1002,13.1002,12.7679,12.9104,2817.89
2022-09-13,12.9104,12.9578,12.6256,12.6256,3341.43
2022-09-14,12.9578,13.0053,12.9578,12.9578,3565.81
2022-09-15,12.7205,12.7205,12.5306,12.5306,5902.29
2022-09-16,12.6731,12.6731,12.3883,12.3883,6748.18
2022-09-20,12.5306,12.5306,12.3883,12.4357,1410.52
2022-09-21,12.4832,12.5306,12.3883,12.3883,2554.53
2022-09-22,12.1984,12.1984,12.0086,12.0086,978.624
2022-09-23,12.3408,12.3408,12.1035,12.1509,3570.02
2022-09-26,11.4864,11.5813,11.3915,11.3915,14449.7
2022-09-27,11.2966,11.6762,11.2966,11.439,9287.97
2022-09-28,11.6288,11.6288,11.2491,11.3915,7309.65
2022-09-29,11.2491,11.3915,11.2017,11.3915,7964.88
2022-09-30,11.8187,11.961,11.6288,11.7712,8136.59
2022-10-03,11.439,11.6288,11.439,11.6288,8.42733
2022-10-04,11.8661,11.8661,11.7712,11.8661,8141.85
2022-10-05,11.9136,11.9136,11.5339,11.6288,20476.3
2022-10-06,11.6288,11.6288,11.3915,11.4864,44116
2022-10-07,11.4864,11.8661,11.4864,11.6288,13779.7
2022-10-10,11.6762,11.7712,11.6288,11.7238,9768.33
2022-10-11,11.6762,11.6762,11.344,11.344,3701.7
2022-10-12,11.3915,11.3915,11.3915,11.3915,471.93
2022-10-13,11.1542,11.4864,11.1542,11.4864,9651.4
2022-10-14,11.344,11.5813,11.344,11.439,8507.39
2022-10-17,11.439,11.5813,11.2491,11.5339,46601
2022-10-18,11.439,11.4864,11.439,11.4864,11830.9
2022-10-19,11.5339,11.5339,11.2017,11.2017,152.745
2022-10-20,11.344,11.4864,11.344,11.4864,5149.1
2022-10-21,11.439,11.439,11.439,11.439,2709.38
2022-10-24,11.439,11.439,11.439,11.439,0
2022-10-25,11.6288,11.6288,11.6288,11.6288,4552.86
2022-10-26,11.7238,11.7712,11.7238,11.7712,88.487
2022-10-27,12.056,12.056,12.056,12.056,27.3888
2022-10-28,11.6762,11.7238,11.6288,11.7238,2525.04
2022-10-31,11.6288,12.1509,11.5813,12.1509,8502.12
2022-11-01,11.7712,11.7712,11.5339,11.5339,1967.78
2022-11-02,11.6288,11.6762,11.5813,11.6288,5591.53
2022-11-03,11.7238,11.7238,11.4864,11.6762,5125.92
2022-11-04,11.9136,11.961,11.9136,11.961,1165.07
2022-11-07,12.2458,12.3408,12.2458,12.3408,806.917
2022-11-08,12.4832,12.5782,12.3883,12.3883,1670.71
2022-11-09,12.2934,12.4832,12.2934,12.4357,717.376
2022-11-10,12.056,12.5782,11.8661,12.5782,16784
2022-11-11,12.5782,12.5782,12.5782,12.5782,0
2022-11-14,12.7205,12.8154,12.7205,12.8154,2831.58
2022-11-15,12.5306,12.7679,12.5306,12.7679,2438.66
2022-11-16,12.4832,12.4832,11.7712,12.3408,1357.85
2022-11-17,12.2934,12.2934,12.2934,12.2934,1326.25
2022-11-18,12.2458,12.2934,12.056,12.2934,4041.96
2022-11-21,12.3408,12.3408,12.3408,12.3408,170.653
2022-11-22,11.9136,12.2458,11.9136,12.2458,3466.79
2022-11-23,12.2934,12.2934,12.0086,12.1984,1521.13
2022-11-24,12.2458,12.2458,12.1509,12.2458,2481.85
2022-11-25,12.3408,12.3408,12.3408,12.3408,229.644
2022-11-28,12.056,12.1984,12.056,12.1984,1593.81
2022-11-29,12.3883,12.3883,12.3883,12.3883,1053.41
2022-11-30,12.5306,12.5306,12.1035,12.3408,16507
2022-12-01,12.9104,13.0527,12.7205,13.0053,16183.6
2022-12-02,12.9104,12.9104,12.9104,12.9104,5703.19
2022-12-05,13.2426,13.48,13.2426,13.48,17.908
2022-12-06,13.0527,13.0527,13.0053,13.0053,135.89
2022-12-07,12.6256,12.9104,12.6256,12.9104,10730.1
2022-12-08,13.0527,13.0527,13.0527,13.0527,1.05341
2022-12-09,12.7205,12.8154,12.6256,12.7205,8134.48
2022-12-12,12.7679,12.7679,12.7679,12.7679,64.2584
2022-12-13,12.7679,12.7679,12.7679,12.7679,10.5341
2022-12-14,12.8629,12.8629,12.8629,12.8629,2785.23
2022-12-15,12.8629,12.8629,12.8629,12.8629,0
2022-12-16,12.6731,12.6731,12.6731,12.6731,9.48075
2022-12-19,12.7679,12.7679,12.7679,12.7679,4.21366
2022-12-20,12.5782,12.7205,12.5782,12.7205,775.314
2022-12-21,12.5782,12.5782,12.3408,12.3883,2240.61
2022-12-22,12.1035,12.2458,11.961,12.2458,5496.72
2022-12-23,11.8661,11.8661,11.4864,11.4864,1918.27
2022-12-28,11.7712,12.6731,11.7712,12.6731,3488.91
2022-12-29,12.5782,12.8629,12.5782,12.7205,386.603
2022-12-30,12.9104,12.9104,12.7679,12.8629,1436.86
2023-01-03,13.1952,13.5749,12.7205,13.3375,48268.6
2023-01-04,13.2901,13.2901,13.1952,13.2426,1167.18
2023-01-05,13.48,13.48,13.48,13.48,21.0683
2023-01-06,13.2901,13.2901,13.2426,13.2901,147.478
2023-01-09,13.5749,13.6698,13.3375,13.3375,3265.59
2023-01-10,13.5749,13.7648,13.3375,13.6223,3640.6
2023-01-11,13.8122,13.8122,13.3375,13.6698,23005.5
2023-01-12,13.7173,13.7648,13.7173,13.7648,928.06
2023-01-13,13.8597,14.097,13.8597,14.097,285.475
2023-01-16,13.1002,13.9071,13.1002,13.6698,10742.7
2023-01-17,13.9546,13.9546,13.48,13.9546,7259.09
2023-01-18,14.2393,14.2393,14.0021,14.2393,6218.31
2023-01-19,14.2393,14.2869,14.0495,14.0495,12506.1
2023-01-20,14.3818,14.3818,14.097,14.2393,2016.23
2023-01-23,14.2393,14.2393,14.2393,14.2393,382.39
2023-01-24,14.097,14.097,14.0021,14.0021,3518.41
2023-01-25,14.0021,14.0021,14.0021,14.0021,0
2023-01-26,14.1919,14.2393,13.7648,14.2393,6380.54
2023-01-27,12.8154,14.0495,12.8154,14.0495,1096.6
2023-01-30,13.7648,13.9546,13.7648,13.8597,446.648
2023-01-31,14.0021,14.0021,14.0021,14.0021,258.087
2023-02-01,14.0495,14.2393,13.9071,13.9546,16866.2
2023-02-02,13.6495,14.2393,13.6495,13.9546,643.637
2023-02-03,13.6223,13.7648,13.6223,13.6223,3318.26
2023-02-06,13.2426,13.4325,13.1477,13.1477,1135.58
2023-02-07,12.8154,13.0527,12.3408,13.0527,3752.27
2023-02-08,12.4357,12.4357,12.4357,12.4357,386.603
2023-02-09,13.0053,13.0053,13.0053,13.0053,15.8012
2023-02-10,13.0053,13.0053,13.0053,13.0053,0
2023-02-13,12.6256,12.7205,12.3883,12.3883,1713.9
2023-02-14,12.3883,12.3883,12.3883,12.3883,0
2023-02-15,12.4357,12.9578,12.4357,12.9578,1088.17
2023-02-16,12.7205,13.0527,12.7205,13.0527,9149.97
2023-02-17,13.0527,13.0527,13.0527,13.0527,0
2023-02-20,13.7648,13.7648,13.2426,13.2426,124.303
2023-02-21,13.1477,13.2426,13.1477,13.1952,1166.13
2023-02-22,12.7205,12.7205,12.7205,12.7205,17.908
2023-02-23,12.7205,12.7205,12.7205,12.7205,0
2023-02-24,12.7205,12.7205,12.7205,12.7205,21.0683
2023-02-27,13.8122,13.9071,11.4864,12.056,10108.5
2023-02-28,12.056,12.056,12.056,12.056,126.41
2023-03-01,12.056,12.3408,12.056,12.2458,1359.96
2023-03-02,12.2458,12.2458,12.2458,12.2458,0
2023-03-03,12.3408,12.3408,12.1035,12.1035,3920.81
2023-03-06,12.1035,12.4357,11.9136,11.9136,4257.91
2023-03-07,12.1035,12.1984,12.1035,12.1509,2000.43
2023-03-08,12.1984,12.2458,12.0086,12.056,6596.49
2023-03-09,12.2458,12.5306,12.2458,12.2458,14380.1
2023-03-10,12.4357,12.4357,12.4357,12.4357,210.683
2023-03-13,12.5782,13.0527,12.3408,12.3408,12490.3
2023-03-14,12.134,12.3408,12.134,12.3408,47303.6
2023-03-15,12.3454,13.0527,12.3408,12.3408,47302.6
2023-03-16,12.3408,12.3408,12.3408,12.3408,0
2023-03-17,11.961,12.1509,11.961,12.1509,9638.76
2023-03-20,11.8187,11.961,11.7238,11.7712,13659.6
2023-03-21,11.8661,11.961,11.8661,11.961,737.391
2023-03-22,11.8187,11.8187,11.6762,11.6762,6121.4
2023-03-23,11.961,12.056,11.961,12.056,1244.08
2023-03-24,12.0086,12.0086,11.7712,11.7712,113.769
2023-03-27,11.2491,11.2491,11.2491,11.2491,875.389
2023-03-28,11.1542,11.8187,11.1542,11.5339,7284.37
2023-03-29,11.5339,11.5339,11.5339,11.5339,0
2023-03-30,12.8154,12.8154,12.8154,12.8154,396.084
2023-03-31,12.8154,12.8154,12.1035,12.2934,1444.23
2023-04-03,12.1984,12.1984,12.1509,12.1509,691.041
2023-04-04,12.1509,12.1509,12.1509,12.1509,0
2023-04-05,12.1509,12.1509,12.1509,12.1509,2771.53
2023-04-06,12.1509,12.1509,12.1509,12.1509,0
2023-04-11,12.1509,12.1509,12.1509,12.1509,54.7776
2023-04-12,12.1035,12.2934,11.7238,12.1984,4490.71
2023-04-13,12.3408,12.9104,12.2934,12.9104,3756.48
2023-04-14,12.9104,12.9104,12.9104,12.9104,0
2023-04-17,12.3408,12.7679,12.3408,12.4357,3631.12
2023-04-18,12.3883,12.8154,12.3883,12.8154,2453.4
2023-04-19,12.4357,12.4357,12.056,12.056,1158.75
2023-04-20,12.2458,12.5782,12.2458,12.5782,22669.5
2023-04-21,12.3408,12.3408,12.1509,12.1509,445.595
2023-04-24,12.2934,12.5306,12.1509,12.1509,7440.28
2023-04-25,12.4832,12.4832,12.4832,12.4832,21.0683
2023-04-26,12.4832,12.4832,12.4832,12.4832,0
2023-04-27,12.5306,12.5306,12.4357,12.4832,16408
2023-04-28,12.4832,12.4832,12.4832,12.4832,0
2023-05-02,12.5782,12.8154,12.5782,12.8154,24431.8
2023-05-03,12.8154,12.8154,12.4357,12.4832,9659.83
2023-05-04,12.7679,12.9104,12.4832,12.4832,1968.83
2023-05-05,12.4832,12.4832,12.4357,12.4357,2256.41
2023-05-09,12.6256,12.6256,12.5782,12.5782,2625.11
2023-05-10,12.6256,12.6256,12.3408,12.3408,45908.9
2023-05-11,12.3883,12.3883,12.3408,12.3408,10332.9
2023-05-12,12.2458,12.2934,12.2458,12.2458,1067.11
2023-05-15,12.4357,12.4357,12.2934,12.2934,106.395
2023-05-16,11.7712,12.2458,11.7712,12.0086,1964.62
2023-05-17,11.961,12.056,11.8661,11.961,7620.41
2023-05-18,11.961,11.961,11.961,11.961,0
2023-05-19,11.8661,11.8661,11.5339,11.5339,1508.49
2023-05-22,11.5339,11.5339,11.5339,11.5339,0
2023-05-23,11.8187,12.0086,11.8187,12.0086,1801.34
2023-05-24,12.1509,12.1509,12.0086,12.0086,10535.2
2023-05-25,11.8661,11.961,11.8187,11.9136,13228.8
2023-05-26,11.8187,12.2458,11.8187,12.056,6634.41
2023-05-30,12.2934,12.2934,12.0086,12.0086,61.0981
2023-05-31,12.1035,12.1509,11.4864,11.6762,22975
2023-06-01,12.0086,12.1035,11.8661,12.056,4315.84
2023-06-02,12.2458,12.6731,12.2458,12.6731,10584.7
2023-06-05,12.3883,12.6256,12.3408,12.4832,21257.9
2023-06-06,12.3883,12.4832,12.3883,12.3883,4830.96
2023-06-07,12.5306,12.6256,12.5306,12.6256,367428
2023-06-08,12.7679,12.7679,12.7679,12.7679,421.366
2023-06-09,12.6256,12.6256,12.5306,12.5306,1158.75
2023-06-12,12.3408,12.5306,12.3408,12.3408,16004.5
2023-06-13,12.5782,12.7205,12.5782,12.6256,16511.2
2023-06-14,12.8154,13.1002,12.8154,13.1002,3647.98
2023-06-15,12.8629,13.0053,12.5306,12.6731,7103.18
2023-06-16,12.9104,13.2901,12.9104,13.2901,5286.04
2023-06-19,13.1952,13.48,13.0527,13.0527,8622.21
2023-06-20,13.2426,13.2426,13.1477,13.1477,4011.41
2023-06-21,13.1856,13.3816,13.1856,13.2836,2568.49
2023-06-22,12.9405,13.1366,12.7444,12.7444,9800.68
2023-06-23,12.9405,12.9405,12.9405,12.9405,350.898
2023-06-26,12.6954,12.9405,12.6954,12.9405,4290.34
2023-06-27,13.2346,13.2346,12.9895,13.0875,765.04
2023-06-28,13.1856,13.4307,13.1366,13.4307,6649.73
2023-06-29,11.9601,11.9601,11.9601,11.9601,396.801
2023-06-30,13.4307,13.4307,12.9895,13.0875,28158.6
2023-07-03,13.3816,13.6267,13.3816,13.4307,1253.64
2023-07-04,13.2836,13.4797,13.2346,13.2346,6829.26
2023-07-05,13.1856,13.2346,13.1856,13.2346,2825.55
2023-07-06,13.2346,13.2346,13.2346,13.2346,220.331
2023-07-07,13.2346,13.3816,13.1856,13.1856,65267.1
2023-07-10,13.4307,13.6757,13.3326,13.4797,25184.1
2023-07-11,13.5287,13.6267,13.3816,13.5777,9148.86
2023-07-12,13.4797,13.4797,13.3326,13.3326,3782.36
2023-07-13,13.3326,13.6267,13.3326,13.4307,453.924
2023-07-14,14.0189,14.1169,13.7248,13.9208,3658.93
2023-07-17,14.1169,14.1169,13.8228,13.8228,132.607
2023-07-18,13.8718,13.8718,13.6757,13.6757,4642.26
2023-07-19,13.8228,13.9208,13.7248,13.8228,7163.84
2023-07-20,13.8228,14.0189,13.7248,13.8718,2239.01
2023-07-21,13.8718,13.8718,13.8718,13.8718,302.956
2023-07-24,13.7248,13.7248,13.4797,13.5287,4518.84
2023-07-25,13.8228,14.411,13.8228,14.1169,1813.65
2023-07-26,14.2149,14.2149,13.9208,14.2149,1701.45
2023-07-27,14.2149,14.2149,14.2149,14.2149,0
2023-07-28,14.362,14.46,14.2639,14.362,789.522
2023-07-31,14.6071,14.6071,14.509,14.509,166.268
2023-08-01,14.509,14.509,14.509,14.509,0
2023-08-02,14.0679,14.313,14.0679,14.0679,528.388
2023-08-03,14.0679,14.0679,14.0679,14.0679,0
2023-08-04,14.0679,14.0679,14.0679,14.0679,89.7647
2023-08-07,13.9208,13.9208,13.9208,13.9208,2540.95
2023-08-08,13.9208,13.9208,13.9208,13.9208,0
2023-08-09,13.9208,14.1169,13.9208,14.1169,66.3035
2023-08-10,14.46,14.46,13.8228,13.8228,8.16043
2023-08-11,14.0679,14.1169,14.0679,14.1169,1155.72
2023-08-14,13.8718,13.8718,13.7248,13.8718,202.99
2023-08-15,13.7248,13.7248,13.7248,13.7248,7038.37
2023-08-16,13.5287,13.5287,13.5287,13.5287,18.3609
2023-08-17,13.5287,13.5287,13.5287,13.5287,0
2023-08-18,13.2346,13.2346,13.1366,13.1366,7737.11
2023-08-21,13.1366,13.1366,13.1366,13.1366,0
2023-08-22,13.4797,13.7738,13.4797,13.7738,1107.77
2023-08-23,13.7248,13.7248,13.7248,13.7248,12.2406
2023-08-24,14.1169,14.1169,14.1169,14.1169,69.3636
2023-08-25,13.8718,13.8718,13.8718,13.8718,1.02005
2023-08-29,14.0679,14.0679,13.9208,13.9208,15.3008
2023-08-30,14.2149,14.411,14.2149,14.411,15300.8
2023-08-31,14.411,14.46,14.411,14.411,31023.9
2023-09-01,14.6561,15.0482,14.6561,14.8521,12838.4
2023-09-04,15.4894,15.5874,15.3423,15.5874,8741.86
2023-09-05,15.2933,15.5384,15.2933,15.4894,4336.25
2023-09-06,15.1463,15.1463,15.0482,15.0482,1048.61
2023-09-07,15.0972,15.1463,15.0482,15.0482,1215.9
2023-09-08,15.0972,15.1953,15.0972,15.1953,2847.99
2023-09-11,15.3913,15.3913,15.2933,15.2933,3828.26
2023-09-12,15.1463,15.1463,14.9012,14.9502,7075.09
2023-09-13,14.9992,15.2443,14.9992,15.0972,104.045
2023-09-14,15.2933,15.5384,15.2933,15.2933,146548
2023-09-15,14.9992,15.5874,14.9992,15.2933,52009.5
2023-09-18,14.9992,15.1463,14.9502,14.9502,6820.08
2023-09-19,14.9502,15.0972,14.9502,15.0972,12494.6
2023-09-20,15.0482,15.0482,14.8521,15.0482,2860.23
2023-09-21,14.7541,15.0972,14.7541,15.0972,278.474
2023-09-22,14.7051,14.9012,14.7051,14.9012,2891.85
2023-09-25,14.9012,14.9012,14.9012,14.9012,0
2023-09-26,14.9992,15.0482,14.9502,14.9992,2138.03
2023-09-27,15.1463,15.1463,15.0482,15.0482,1002.71
2023-09-28,14.8521,15.0482,14.8031,14.8031,9855.76
2023-09-29,15.0482,15.1953,14.9992,15.0482,4875.85
2023-10-02,15.0482,15.1463,15.0482,15.0972,851.745
2023-10-03,15.0972,15.0972,15.0972,15.0972,0
2023-10-04,14.362,14.509,14.362,14.509,6941.46
2023-10-05,14.6071,14.7051,14.509,14.7051,10761.5
2023-10-06,14.8031,14.8031,14.8031,14.8031,346.818
2023-10-09,14.2639,14.2639,14.2639,14.2639,325.397
2023-10-10,14.313,14.6071,14.313,14.6071,770.141
2023-10-11,14.9012,14.9012,14.9012,14.9012,13.2607
2023-10-12,14.6561,14.7051,14.6561,14.7051,276.434
2023-10-13,14.6561,14.7051,14.6561,14.7051,85.6845
2023-10-16,14.6071,14.8521,14.6071,14.8521,158.108
2023-10-17,14.9012,14.9012,14.9012,14.9012,444.743
2023-10-18,14.558,14.9012,14.509,14.509,1682.06
2023-10-19,14.9992,14.9992,14.8521,14.8521,272.354
2023-10-20,14.8521,14.8521,14.8521,14.8521,0
2023-10-23,14.509,14.509,13.8718,13.8718,844.605
2023-10-24,14.2639,14.2639,14.2639,14.2639,1326.07
2023-10-25,14.1659,14.411,14.1659,14.411,2425.68
2023-10-26,14.362,14.411,14.2639,14.411,15473.2
2023-10-27,14.0679,14.2149,14.0679,14.2149,3098.92
2023-10-30,14.2149,14.2149,14.2149,14.2149,9.18048
2023-10-31,14.0679,14.8031,14.0679,14.8031,286.635
2023-11-01,14.0189,14.0189,12.5974,12.5974,1232.22
2023-11-02,13.9208,13.9208,13.9208,13.9208,5.10027
2023-11-03,14.7541,14.7541,13.8228,13.8228,2655.2
2023-11-06,13.8228,13.8228,13.8228,13.8228,0
2023-11-07,13.8228,13.8228,13.8228,13.8228,0
2023-11-08,14.2149,14.2149,14.2149,14.2149,102.005
2023-11-09,14.1169,14.1659,14.1169,14.1659,568.17
2023-11-10,14.1659,14.1659,14.1659,14.1659,0
2023-11-13,14.313,14.313,14.313,14.313,9.18048
2023-11-14,14.7051,14.7051,14.7051,14.7051,387.62
2023-11-15,14.7051,14.7051,14.46,14.46,465.144
2023-11-16,14.7051,15.0972,14.6561,15.0972,632.433
2023-11-17,15.1953,15.1953,15.1953,15.1953,3685.45
2023-11-20,16.1266,16.1266,16.1266,16.1266,9.18048
2023-11-21,16.7148,16.7148,14.7051,14.7051,198.91
2023-11-22,14.7051,14.7051,13.8228,14.6561,10115.8
2023-11-23,14.6561,14.6561,14.6561,14.6561,0
2023-11-24,14.6561,14.6561,14.6561,14.6561,0
2023-11-27,14.509,14.6071,14.411,14.509,5453.21
2023-11-28,14.6561,15.1953,14.6561,14.7051,4508.64
2023-11-29,15.1463,15.1463,14.46,14.46,632.433
2023-11-30,15.1463,15.8815,15.0972,15.2933,33260.9
2023-12-01,15.1463,15.2933,14.8031,15.0972,9667.05
2023-12-04,15.4894,15.9795,15.3913,15.4404,83695.4
2023-12-05,15.4404,15.4894,15.4404,15.4404,8033.94
2023-12-06,15.4404,15.4894,15.4404,15.4894,11396
2023-12-07,15.3423,15.3423,15.0972,15.2443,9752.73
2023-12-08,14.8521,15.3423,14.8521,15.3423,10844.1
2023-12-11,15.2933,15.4404,15.0972,15.1463,9216.19
2023-12-12,15.4894,15.4894,15.0972,15.4404,3799.7
2023-12-13,15.3423,15.6364,15.3423,15.6364,7552.48
2023-12-14,15.6854,16.6658,15.4894,16.6658,6784.38
2023-12-15,16.6658,16.6658,16.1756,16.3227,6826.2
2023-12-18,16.6658,16.6658,15.0972,15.9305,19384
2023-12-19,16.6658,16.6658,16.3227,16.3227,243.792
2023-12-20,15.8815,15.8815,14.9502,15.1953,9085.62
2023-12-21,15.4894,16.1756,15.1953,15.6854,2012.56
2023-12-22,15.3913,15.3913,15.3913,15.3913,15.3008
2023-12-27,15.7345,16.6168,15.7345,16.4697,2667.44
2023-12-28,16.5677,16.5677,16.1756,16.1756,425.362
2023-12-29,16.6168,16.6168,16.0776,16.0776,1294.44
2024-01-02,16.0776,16.4697,16.0776,16.4697,4506.6
2024-01-03,16.0776,16.0776,15.5874,15.5874,2878.59
2024-01-04,15.4894,15.4894,15.4894,15.4894,27.5414
2024-01-05,15.9795,15.9795,15.9795,15.9795,1095.53
2024-01-08,15.8815,15.8815,15.4404,15.4404,179.529
2024-01-09,15.4404,15.4404,15.4404,15.4404,0
2024-01-10,15.6364,15.9795,15.5874,15.5874,346.818
2024-01-11,16.0286,16.0286,15.6854,15.6854,36.7219
2024-01-12,16.3227,16.3227,15.5384,15.5384,686.496
2024-01-15,16.3227,16.3227,15.5384,15.5384,1.02005
2024-01-16,15.8815,16.2246,15.8815,15.9305,1959.52
2024-01-17,15.9305,15.9305,15.1953,15.1953,11866.2
2024-01-18,15.3423,16.1266,15.2933,15.4894,8854.07
2024-01-19,15.9795,16.1266,15.1953,15.3423,43651.1
2024-01-22,15.6854,15.7345,15.6854,15.7345,689.556
2024-01-23,15.4894,15.4894,15.1953,15.4404,3014.26
2024-01-24,15.4894,16.1266,15.4894,16.1266,30029.3
2024-01-25,15.6854,15.6854,15.5384,15.5384,1889.14
2024-01-26,15.8815,15.8815,15.8815,15.8815,26.5214
2024-01-29,15.8815,16.0286,15.1953,16.0286,4284.22
2024-01-30,15.7835,16.0776,15.7345,16.0776,3816.02
2024-01-31,15.8815,15.8815,15.6854,15.6854,424.342
2024-02-01,15.9795,15.9795,15.8325,15.8815,1632.08
2024-02-02,16.2246,16.4207,16.0776,16.1266,10784
2024-02-05,16.5187,16.5677,16.0776,16.1756,18044.7
2024-02-06,16.6168,16.8618,16.6168,16.8618,18752.6
2024-02-07,17.0579,17.0579,16.8128,17.0089,16469.7
2024-02-08,16.9599,16.9599,16.9599,16.9599,5.10027
2024-02-09,16.5187,16.5677,16.5187,16.5187,1952.38
2024-02-12,16.1266,16.2246,15.9795,16.1756,141.787
2024-02-13,16.1266,16.1266,15.8815,15.8815,113.226
2024-02-14,16.0286,16.5187,16.0286,16.3227,557.969
2024-02-15,16.5677,16.6658,16.3717,16.4697,9768.04
2024-02-16,16.6658,16.7638,16.5187,16.5187,21440.5
2024-02-19,16.7638,16.7638,16.4697,16.5187,563.07
2024-02-20,16.4697,16.4697,16.3227,16.3227,753.82
2024-02-21,16.5187,16.8618,16.5187,16.8618,10011.8
2024-02-22,17.0579,17.352,16.7638,17.352,4993.16
2024-02-23,17.0089,17.0089,16.8618,16.8618,1382.17
2024-02-26,16.8618,16.8618,16.4697,16.4697,2087.03
2024-02-27,16.8128,16.8618,16.7638,16.8618,3539.58
2024-02-28,16.3717,16.6168,16.3717,16.6168,224.411
2024-02-29,16.6658,16.7638,16.4207,16.4207,13181.1
2024-03-01,16.8618,17.8912,16.8618,17.5481,4993.16
2024-03-04,18.1363,18.1363,17.9892,18.0873,700.777
2024-03-05,18.1363,18.1363,17.401,17.6951,19547.3
2024-03-06,18.1363,18.1363,17.352,17.7932,45923.8
2024-03-07,18.1363,18.5774,18.1363,18.3324,78871.6
2024-03-08,18.5774,18.6265,18.2833,18.2833,23822.3
2024-03-11,18.1363,18.1363,17.5971,17.7442,127459
2024-03-12,17.6461,17.8912,17.6461,17.7932,29095
2024-03-13,17.352,17.352,16.7148,16.7148,27193.6
2024-03-14,16.6658,16.7638,16.5677,16.6168,10340.2
2024-03-15,16.6658,16.6658,16.5187,16.5187,26.5214
2024-03-18,16.9109,17.4991,16.9109,17.352,566.13
2024-03-19,17.303,17.401,17.1559,17.1559,7816.67
2024-03-20,17.0089,17.254,16.9599,17.1069,605.912
2024-03-21,17.254,17.5971,17.254,17.4991,11782.6
2024-03-22,17.4501,17.8912,17.4501,17.7932,11500
2024-03-25,17.7442,18.0383,17.6461,18.0383,1213.86
2024-03-26,17.6951,17.8422,17.6461,17.8422,5099.25
2024-03-27,17.6461,17.9892,17.6461,17.7442,4772.83
2024-03-28,18.1853,18.1853,17.7442,18.1853,103530
2024-04-02,18.9206,19.2147,18.9206,19.0186,13608.5
2024-04-03,19.0186,19.2147,19.0186,19.2147,20791.7
2024-04-04,18.9206,19.1166,18.9206,19.1166,4494.35
2024-04-05,19.1166,19.1166,18.9696,19.1166,3396.78
2024-04-08,19.2147,19.3127,19.2147,19.3127,642.634
2024-04-09,19.5088,19.7048,19.4597,19.5088,11014.5
2024-04-10,19.6068,20.3911,19.3617,19.5088,17632.6
2024-04-11,20.3911,20.3911,19.4597,19.5088,3977.19
2024-04-12,19.6068,19.8029,19.1166,19.3617,4640.22
2024-04-15,19.7048,19.7048,18.9206,18.9206,4530.06
2024-04-16,18.6265,18.6265,18.6265,18.6265,95.8851
2024-04-17,19.5088,19.5088,18.7245,18.7245,2404.26
2024-04-18,19.0186,19.2637,18.6265,18.8715,10440.2
2024-04-19,18.8715,18.9206,18.7735,18.9206,19635
2024-04-22,18.9206,19.2637,18.9206,19.1656,4356.65
2024-04-23,19.2147,19.2147,18.9206,19.1166,32743.7
2024-04-24,19.3617,19.7048,19.3617,19.5578,176.469
2024-04-25,19.5088,19.9009,19.5088,19.6068,1776.93
2024-04-26,19.7048,19.8029,19.5088,19.7048,20543.8
2024-04-29,19.9009,19.9009,19.6068,19.7048,866.026
2024-04-30,19.5578,19.5578,19.2147,19.4107,1750.41
2024-05-01,19.4597,19.5088,19.2637,19.2637,2278.8
2024-05-02,19.7048,19.7048,19.6068,19.6068,2718.44
2024-05-03,19.6068,19.7048,19.4597,19.7048,185.649
2024-05-07,19.0186,19.2637,18.9696,19.2147,24534.3
2024-05-08,19.2147,19.4107,19.2147,19.2147,3998.61
2024-05-09,19.3127,19.3127,18.7245,18.7245,4445.39
2024-05-10,18.7245,18.7245,18.7245,18.7245,124.446
2024-05-13,18.9206,19.1166,18.9206,19.1166,77.5241
2024-05-14,19.3127,19.3127,19.2147,19.2147,1471.93
2024-05-15,19.4107,19.4107,19.1656,19.3127,5596.01
2024-05-16,18.7735,19.4107,18.7735,19.2637,3034.66
2024-05-17,19.4107,19.4597,19.3127,19.4597,1614.74
2024-05-20,19.5578,19.6068,19.5088,19.6068,1869.75
2024-05-21,20.097,20.3911,20.097,20.3911,1308.72
2024-05-22,20.293,20.3911,20.097,20.3911,7872.77
2024-05-23,20.3911,20.5871,20.293,20.5871,3049.96
2024-05-24,20.6852,20.6852,20.5871,20.5871,4914.62
2024-05-28,24.4105,24.4105,20.5871,20.5871,4209.76
2024-05-29,21.3714,21.3714,20.4891,20.4891,673.235
2024-05-30,20.5871,20.5871,19.9989,19.9989,1779.99
2024-05-31,20.293,20.293,18.9696,19.2147,47320.3
2024-06-03,20.3911,20.3911,19.6068,20.097,704.857
2024-06-04,19.5088,19.9009,18.7245,18.7245,3469.2
2024-06-05,19.4597,20.5871,19.3617,19.9989,58694.9
2024-06-06,20.4891,20.4891,19.9009,19.9009,479.425
2024-06-07,20.6852,20.8812,20.5871,20.6852,4258.72
2024-06-10,21.1753,21.4694,21.0773,21.2734,2186.99
2024-06-11,21.4694,21.5675,21.1753,21.1753,6961.87
2024-06-12,21.7635,21.7635,21.0773,21.2734,2886.75
2024-06-13,21.1753,21.1753,21.1753,21.1753,1942.18
2024-06-14,21.3714,21.4694,21.1753,21.3714,1821.81
2024-06-17,21.4694,21.5675,21.3714,21.3714,2935.71
2024-06-18,21.2734,21.5675,21.1753,21.5675,4685.1
2024-06-19,20.8812,21.3714,20.8812,21.3714,350.898
2024-06-20,21.6,21.6,21.5,21.6,1107
2024-06-21,21.3,21.5,21.2,21.2,3891
2024-06-24,21.3,21.3,21.1,21.1,160
2024-06-25,20.8,21,20.7,20.7,15905
2024-06-26,20.7,20.9,20.5,20.9,4878
2024-06-27,21.4,21.9,20.5,21.9,482
2024-06-28,21,21.5,20.6,20.6,8492
2024-07-01,20.7,20.9,20.7,20.7,624
2024-07-02,21,21,20.7,20.7,89
2024-07-03,20.9,21.1,20.8,20.9,249
2024-07-04,21.1,21.2,20.8,20.8,6368
2024-07-05,20.9,21,20.7,20.9,508
2024-07-08,20.7,20.7,20.4,20.4,648
2024-07-09,20.4,20.4,20.3,20.3,258
2024-07-10,20,20,19.85,20,4655
2024-07-11,20.2,20.2,19.85,20.1,3307
2024-07-12,20.1,20.1,19.85,19.9,1559
2024-07-15,20,20,19.7,19.75,14585
2024-07-16,19.9,19.9,19.75,19.9,2006
2024-07-17,20,20,19.9,19.9,376
2024-07-18,19.75,19.85,19.4,19.85,993
2024-07-19,18.8,19.8,18.5,19.65,28728
2024-07-22,19.05,19.2,19.05,19.05,1055
2024-07-23,18.6,19.75,18.4,19.75,5135
2024-07-24,19.2,20.2,19.2,19.35,17900
2024-07-25,18.9,19.55,18.9,18.9,493
2024-07-26,19.4,19.55,19.35,19.35,4673
2024-07-29,19.65,19.65,19.3,19.5,352
2024-07-30,19.4,19.6,19.35,19.6,5862
2024-07-31,19.65,20.8,19.65,20.7,17075
2024-08-01,19.8,19.8,19.1,19.2,13049
2024-08-02,19,19,18.3,18.3,2792
2024-08-05,17.7,17.85,15.1,17.2,2129
2024-08-06,18.2,18.2,17.7,17.7,4779
2024-08-07,17.95,18.3,17.95,18.3,1529
2024-08-08,17.85,17.9,17.75,17.8,1392
2024-08-09,18.15,18.25,17.8,18.15,5488
2024-08-12,18.25,18.3,17.85,17.85,128
2024-08-13,17.65,18.15,17.65,18.15,38
2024-08-14,17.65,17.65,17.25,17.5,3374
2024-08-15,17.25,17.25,17.2,17.25,3973
2024-08-16,17.35,17.65,17.3,17.65,117909
2024-08-19,18,18.45,17.9,18.45,2054
2024-08-20,18.35,18.35,18.15,18.15,603
2024-08-21,18.25,18.25,18.25,18.25,3
2024-08-22,18.2,18.3,18.15,18.3,8079
2024-08-23,18.25,18.55,18.15,18.3,10560
2024-08-27,18.25,18.6,18.25,18.6,8574
2024-08-28,18.3,18.7,18.25,18.7,2745
2024-08-29,18.35,18.45,18.25,18.45,12701
2024-08-30,18.5,18.55,18.2,18.3,5349
2024-09-02,18.3,18.3,18,18.2,4845
2024-09-03,18,18.25,17.9,17.9,316
2024-09-04,17.85,18.15,17.6,17.85,4940
2024-09-05,17.9,18.15,17.8,17.95,11828
2024-09-06,18.05,18.05,17.75,17.75,5864
2024-09-09,17.55,17.6,17.55,17.55,1331
2024-09-10,17.85,17.9,17.7,17.7,1841
2024-09-11,17.75,17.8,17.5,17.8,6778
2024-09-12,18.1,18.1,18.1,18.1,1803
2024-09-13,18.1,18.1,18.1,18.1,1424
2024-09-16,18.2,18.3,18.1,18.15,9554
2024-09-17,18.1,18.2,18.1,18.15,903
2024-09-18,17.7,17.95,17.7,17.95,8777
2024-09-19,17.5,17.85,17.5,17.7,3449
2024-09-20,18.15,18.15,18,18.15,6134
2024-09-23,18.15,18.2,18.1,18.2,17397
2024-09-24,19.05,19.05,18.9,19,1839
2024-09-25,19.2,19.2,19.15,19.15,104
2024-09-26,19.35,19.9,19.35,19.75,937
2024-09-27,19.9,19.9,19.5,19.75,4498
2024-09-30,19.9,19.9,19.35,19.85,3620
2024-10-01,19.95,19.95,19.65,19.65,177
2024-10-02,19.75,19.75,19.7,19.7,645
2024-10-03,19.75,19.75,19.7,19.7,5
2024-10-04,19.4,19.85,19.4,19.85,1463
2024-10-07,19.6,19.6,19.6,19.6,588
2024-10-08,18.6,19,18.6,19,1353
2024-10-09,18.9,19.1,18.2,18.6,20274
2024-10-10,18.9,18.95,18.8,18.95,1420
2024-10-11,19.1,19.15,18.95,19.15,379
2024-10-14,18.85,18.85,18.6,18.6,128
2024-10-15,18.2,18.45,18.15,18.45,2435
2024-10-16,18.25,18.65,18.15,18.65,8672
2024-10-17,18.15,18.2,17.9,17.9,2695
2024-10-18,18.4,18.5,18.35,18.5,4294
2024-10-21,18.35,18.55,18.3,18.55,8312
2024-10-22,18.1,18.1,17.65,17.75,1606
2024-10-23,17.55,17.55,17.4,17.4,2439
2024-10-24,17.75,17.75,17.4,17.4,12
2024-10-25,17.2,17.25,17.2,17.25,7797
2024-10-28,17.55,17.75,17.55,17.7,58367
2024-10-29,17.45,17.8,17.45,17.8,10499
2024-10-30,17.8,17.8,17.5,17.55,1659
2024-10-31,17.6,17.7,17.45,17.7,472
2024-11-01,17.6,17.65,17.55,17.6,2411
2024-11-04,17.4,17.4,17.25,17.25,284
2024-11-05,17.7,18,17.7,18,22512
2024-11-06,18,19,17.45,17.45,555
2024-11-07,17.8,17.9,17.8,17.9,866
2024-11-08,17.8,17.8,17.4,17.6,5495
2024-11-11,17.2,17.2,16.9,16.9,12173
2024-11-12,17,17,16.75,16.85,18631
2024-11-13,16.25,16.45,16.15,16.2,15384
2024-11-14,16.15,16.2,16.05,16.05,85025
2024-11-15,16.05,16.15,15.85,15.85,4862
2024-11-18,16.25,16.65,16.25,16.45,9657
2024-11-19,16.6,16.7,15.8,16.7,7356
2024-11-20,16.55,16.6,16.55,16.55,3376
2024-11-21,16.65,16.65,16.3,16.35,4506
2024-11-22,16.6,16.75,16.5,16.6,5162
2024-11-25,16.9,17.05,16.75,17,8704
2024-11-26,17,17.1,16.9,17.1,10665
2024-11-27,17.1,17.1,16.85,16.85,3442
2024-11-28,16.85,16.9,16.7,16.7,9875
2024-11-29,16.9,17.05,16.85,16.9,4872
2024-12-02,16.9,17.35,16.9,17.1,15898
2024-12-03,17.1,17.15,17,17.1,8691
2024-12-04,16.9,17.15,16.9,17,1873
2024-12-05,17.1,17.25,17.1,17.2,1858
2024-12-06,17.3,17.45,17.2,17.3,1800
2024-12-09,17.5,17.6,17.4,17.4,8641
2024-12-10,17.65,17.65,17.45,17.45,315
2024-12-11,17.7,17.7,17.55,17.7,7490
2024-12-12,17.6,17.7,17.5,17.5,43991
2024-12-13,17.35,17.45,17.35,17.4,1187
2024-12-16,17.25,17.3,17.15,17.15,2371
2024-12-17,17.1,17.1,17,17,63
2024-12-18,16.7,16.85,16.6,16.7,15708
2024-12-19,16.4,16.65,16.4,16.65,5756
2024-12-20,16.55,16.7,16.25,16.7,11625
2024-12-23,16.4,16.5,16.25,16.25,10828
2024-12-24,16.2,16.25,16.15,16.2,6328
2024-12-27,16.15,16.15,15.9,15.9,957
2024-12-30,16.15,16.15,15.8,15.8,1644
2024-12-31,15.8,15.95,15.8,15.8,5023
2025-01-02,15.9,16,15.85,16,742
2025-01-03,16.05,16.05,15.95,15.95,860
2025-01-06,15.35,15.4,15.2,15.4,5433
2025-01-07,15.35,15.45,15.35,15.35,75588
2025-01-08,15.25,15.45,15.25,15.45,2848
2025-01-09,15,15.1,15,15,788
2025-01-10,14.85,14.9,14.6,14.6,1291
2025-01-13,14.3,14.3,14.1,14.2,933
2025-01-14,14.5,14.65,14.5,14.6,2987
2025-01-15,14.5,14.75,14.45,14.65,1095
2025-01-16,14.7,14.8,14.55,14.55,1229
2025-01-17,14.95,15.05,14.8,14.95,1297
2025-01-20,15.1,15.3,14.95,15.25,1986
2025-01-21,15.15,15.25,14.8,15.25,2975
2025-01-22,14.7,15.15,14.65,14.95,2965
2025-01-23,14.95,15.35,14.95,15.15,1359
2025-01-24,15.2,15.2,15,15,891
2025-01-27,14.7,15,13.95,15,5756
2025-01-28,14.85,14.95,14.75,14.9,1523
2025-01-29,14.95,15.05,14.85,15,13720
2025-01-30,15,15.1,14.95,15.05,68
2025-01-31,15.4,15.55,15.3,15.55,10767
2025-02-03,14.9,15.35,14.8,15.35,9892
2025-02-04,15.2,15.3,15.1,15.25,1556
2025-02-05,15.3,15.9,15.25,15.9,5835
2025-02-06,15.15,16,15,15.3,10825
2025-02-07,15.7,15.7,15.4,15.45,10422
2025-02-10,15.25,15.25,15.1,15.1,8584
2025-02-11,15.05,15.05,14.85,14.9,358
2025-02-12,15.15,15.2,15,15.1,2723
2025-02-13,15.55,15.9,15.45,15.9,4135
2025-02-14,15.4,16.8,15.3,16,8786
2025-02-17,15.35,15.95,15.3,15.65,2070
2025-02-18,15.25,15.4,15.25,15.3,8468
2025-02-19,15.5,15.6,15.25,15.45,29321
2025-02-20,15.75,15.85,15.6,15.65,12333
2025-02-21,16.2,16.25,15.95,16.1,1827
2025-02-24,15.75,15.9,15.7,15.85,312
2025-02-25,15.7,15.75,15.5,15.5,1379
2025-02-26,15.8,15.8,15.5,15.55,9805
2025-02-27,15.5,15.9,15.5,15.9,3447
2025-02-28,15.45,15.8,15.45,15.8,7210
2025-03-03,15.6,16,15.6,15.75,2924
2025-03-04,15.75,16.05,15.7,15.75,4256
2025-03-05,16.4,16.75,16.4,16.45,74485
2025-03-06,17.2,17.35,16.9,16.95,7325
2025-03-07,17.25,17.35,17.15,17.15,8189
2025-03-10,17.25,17.35,16.85,16.85,4808
2025-03-11,16.95,17.25,16.95,17.1,8787
2025-03-12,16.95,17.3,16.9,17.3,8330
2025-03-13,17.25,17.3,17.15,17.3,738
2025-03-14,17.35,17.5,17.05,17.5,6475
2025-03-17,17.4,17.5,17.3,17.5,331
2025-03-18,17.75,17.9,17.6,17.9,3337
2025-03-19,18.1,18.4,18.1,18.4,3730
2025-03-20,18.3,18.4,18.15,18.15,1826
2025-03-21,18.2,18.4,18.1,18.4,3408
2025-03-24,18.5,18.5,18.3,18.5,14394
2025-03-25,18.05,18.3,18.05,18.3,4371
2025-03-26,18.15,18.3,18.1,18.25,1528
2025-03-27,17.95,18.2,17.95,18.1,188
2025-03-28,17.95,18.15,17.95,18.05,1530
2025-03-31,17.65,18,17.65,17.9,183
2025-04-01,17.8,17.85,17.75,17.75,83
2025-04-02,17.85,18.4,17.65,18.4,14704
2025-04-03,17.95,18.1,17.85,18.1,538
2025-04-04,16.8,16.9,16.15,16.5,6663
2025-04-07,15.05,15.9,14.65,15,1919
2025-04-08,15.2,15.75,14.95,15.2,2402
2025-04-09,14.65,15.7,14.55,15.7,8243
2025-04-10,15.35,21.9,15.25,21.9,2752
2025-04-11,15.6,16.25,15.3,16.25,6900
2025-04-14,16.95,16.95,16.45,16.45,4446
2025-04-15,15.85,16,15.7,15.8,15817
2025-04-16,15.85,16.45,15.65,16.45,2639
2025-04-17,16,16.4,15.8,15.8,881
2025-04-22,16.25,16.55,15.95,16,4334
2025-04-23,16.45,16.45,15.65,16.15,57772
2025-04-24,16.35,16.55,16.35,16.5,1107
2025-04-25,16.25,16.65,14.65,16.5,3718
2025-04-28,16.65,16.9,16.45,16.45,1697
2025-04-29,16.55,16.55,16.05,16.05,103
2025-04-30,16.45,16.7,16.4,16.7,1323
2025-05-01,15.75,16.65,15.75,16.2,522
2025-05-02,16.7,16.9,16.4,16.9,16266
2025-05-06,17,17.3,16.55,17.3,15984
2025-05-07,17.2,17.2,16.85,16.85,1193
2025-05-08,16.95,16.95,16,16,1815
2025-05-09,16.65,16.7,16.1,16.7,3294
2025-05-12,17.3,18.95,17.3,18.55,3836
2025-05-13,17.65,17.65,17.35,17.45,3421
2025-05-14,18.05,18.15,17.95,18.1,12508
2025-05-15,18.1,18.3,18,18.3,1592
2025-05-16,18.25,18.25,18,18.05,17812
2025-05-19,18.2,18.45,18.1,18.45,10880
2025-05-20,18.5,18.55,18.3,18.55,777
2025-05-21,18.55,18.85,18.55,18.6,270
2025-05-22,18.95,18.95,18.55,18.55,133
2025-05-23,18.75,19,18.75,19,28119
2025-05-27,18.9,18.95,18.5,18.95,4204
2025-05-28,18.75,18.85,18.6,18.6,1738
2025-05-29,18.8,19.05,18.8,18.9,2127
2025-05-30,18.6,18.8,18.5,18.55,4868
2025-06-02,18.6,18.8,18.4,18.8,8290
2025-06-03,18.55,18.55,18.2,18.5,3064
2025-06-04,18.25,18.55,18.25,18.3,1883
2025-06-05,17.9,18.85,17.75,17.85,24585
2025-06-06,18.15,18.15,17.9,17.9,421
2025-06-09,18.5,18.6,18,18.6,26
2025-06-10,18.4,18.4,17.75,17.75,19
2025-06-11,18.3,18.3,17.9,18.05,17672
2025-06-12,17.85,17.9,17.55,17.85,2195
2025-06-13,17.6,17.6,17.35,17.35,1152
2025-06-16,17.75,17.95,17.6,17.95,2628
2025-06-17,17.9,17.9,17.35,17.35,365
2025-06-18,17.35,17.75,17.3,17.7,1730
2025-06-19,17.25,17.5,17.25,17.5,28
2025-06-20,17.4,17.5,17.25,17.25,5704
2025-06-23,17.5,17.5,17.35,17.35,168
2025-06-24,17.95,18.15,17.65,18.15,2195
2025-06-25,18.15,18.15,17.85,17.85,13780
2025-06-26,18.2,18.7,18.2,18.5,1799
2025-06-27,18.7,18.8,18.6,18.65,63602
2025-06-30,18.7,18.7,18.4,18.65,3646
2025-07-01,18.55,18.7,18.45,18.7,1710
2025-07-02,18.9,19.4,18.85,19.4,10452
2025-07-03,19.35,19.75,19.2,19.75,33683
2025-07-04,19,19.65,18.85,19.5,3507
2025-07-07,18.9,18.95,18.75,18.75,1368
2025-07-08,18.85,19.05,18.7,19.05,12030
2025-07-09,18.4,18.75,18.3,18.55,911
2025-07-10,18.9,18.9,18.6,18.7,9733
2025-07-11,18.5,18.6,18.5,18.6,2590
2025-07-14,18.7652,19,18.55,18.55,1140
2025-07-15,18.8,18.95,18.4,18.8,1091
2025-07-16,18.4,18.85,18.2,18.25,3225
2025-07-17,18.55,18.75,18.35,18.45,3672
2025-07-18,18.7,18.95,18.65,18.95,1536
2025-07-21,18.85,19,17.75,19,5739
2025-07-22,18.9,18.95,18.8,18.95,515
2025-07-23,18.5,19,17.75,17.75,878
2025-07-24,18.9,18.95,17.75,18.95,932
2025-07-25,18.25,19,17.75,19,1500
2025-07-28,18.5,19,17.8,19,1154
2025-07-29,18.35,18.8,17.75,17.75,2958
2025-07-30,19.75,19.75,18.25,19.2,4013
2025-07-31,18.35,18.6,17.75,17.75,2440
2025-08-01,17.7,21.5,16,16,4881
2025-08-04,19.35,19.35,18,18,5457
2025-08-05,18.1,18.1,17.9,17.95,3600
2025-08-06,18.05,18.25,17.6,17.65,4009
2025-08-07,18.05,18.4,17.85,18.4,867
2025-08-08,17.85,18.2,17.85,18.2,1488
2025-08-11,17.95,18.15,17.85,18.15,169
2025-08-12,18.25,18.25,17.9,17.9,724
2025-08-13,18,18,17.9,17.9,7
2025-08-14,17.8,19.4,17.55,19.4,849
2025-08-15,17.4,17.9,17.4,17.9,3406
2025-08-18,17.9,18.45,17.75,17.75,447
2025-08-19,18.1,18.1,17.75,17.85,8036
2025-08-20,18.3,18.45,18.05,18.15,9458
2025-08-21,18.25,18.55,18.15,18.2,27556
2025-08-22,18.05,18.15,17.55,18,7991
2025-08-26,17.5,18.9,15,17.1,8008
2025-08-27,17.4,17.4,17.1,17.1,80
2025-08-28,17.2,17.75,16.95,17.75,4268
2025-08-29,17.2,17.75,17.05,17.75,8
2025-09-01,17.25,17.65,17.25,17.65,3066
2025-09-02,17.7,17.85,17.4,17.85,2142
2025-09-03,18.25,18.9,18.05,18.6,4805
2025-09-04,18.5,18.85,18.5,18.8,1557
2025-09-05,18.2,19.2,18.2,19.05,12439
2025-09-08,18.75,18.85,18.7,18.75,5937
2025-09-09,18.45,19.5,18.45,19.15,3488
2025-09-10,18.9,20.5,14.9,19.15,5263
2025-09-11,18.8,19,18.65,19,6665
2025-09-12,18.9,20.5,17.55,19.15,1627
2025-09-15,18.95,19.3,18.85,19.25,4764
2025-09-16,19.2,19.85,19.2,19.55,2791
2025-09-17,19.4,19.75,19.3,19.65,2258
2025-09-18,19.4,19.65,19,19.65,1218
2025-09-19,19.7,19.7,19.15,19.6,281
2025-09-22,19.05,19.35,19.05,19.35,2982
2025-09-23,19.45,20.4,18.85,18.85,1048
2025-09-24,19.5,19.5,19.05,19.5,6179
2025-09-25,19,19.6,18.9,18.9,2491
2025-09-26,18.55,20.4,18.15,18.95,1598
2025-09-29,18.95,20.4,18.75,19.05,400
2025-09-30,18.95,19.05,18.6,19.05,1341
2025-10-01,18.75,18.75,18.45,18.45,3951
2025-10-02,18.75,18.8,18.4,18.75,2374
2025-10-03,19.5,21.3,17.7,19.7,4499
2025-10-06,19.05,21.2,17.75,19.55,3987
2025-10-07,17.7,19.3,17.7,18.9,3226
2025-10-08,19.4,19.4,18.85,19.35,743
2025-10-09,19.45,19.65,19.35,19.35,777
2025-10-10,19.25,19.45,18.9,19.25,870
2025-10-13,19.35,19.4,19,19.4,2645
2025-10-14,19.3,19.3,17.75,18.75,25279
2025-10-15,19.45,19.85,19.3,19.85,55343
2025-10-16,19.65,20.4,19.3,19.5,628
2025-10-17,19.6,20.1,19.3,20.1,9601
2025-10-20,19.75,19.75,19,19.25,2211
2025-10-21,19.25,20.1,17.7,19.7,1160
2025-10-22,19.3,19.85,19.25,19.3,13372
2025-10-23,19.6,19.75,19.5,19.65,22607
2025-10-24,20,20,19.5,19.75,15208
2025-10-27,19.85,20.0725,19.75,19.75,1407
2025-10-28,20.2,20.4,19.9,20.2,10801
2025-10-29,21.1,21.1,20.4,21,2588
2025-10-30,20.2,20.4,19.9,20.3,550
2025-10-31,20.6,20.6,20,20,6521
2025-11-03,20.5,20.5,20.1,20.1,36
2025-11-04,20.1,20.1,19.9,20.1,2622
2025-11-05,19.7,20,19.7,19.85,407
2025-11-06,20,20,19.55,20,3582
2025-11-07,20,20.2,20,20.1,2652
2025-11-10,20.2,20.3,19.9,20.2,9484
2025-11-11,20.6,21,20.3,20.7,41
2025-11-12,19.95,21,19.95,20.2,252
2025-11-13,19.95,22,19.7,19.7,1693
2025-11-14,19.45,19.45,19.15,19.2,1459
2025-11-17,19.25,19.6,18.7,19.6,1130
2025-11-18,19.35,19.75,19.25,19.25,1013
2025-11-19,19.6,19.6,19,19.25,5130
2025-11-20,19,19,18.9,18.9,16
2025-11-21,18.8,18.8,17.5,18.25,37648
2025-11-24,18.25,18.5,18.05,18.2,11259
2025-11-25,18.5,18.75,18,18.5,1735
2025-11-26,18.4,18.8,18.3,18.8,1287
2025-11-27,18.5,18.604,18.45,18.45,2209
2025-11-28,18.7,18.9,18.5,18.9,3266
2025-12-01,18.5,18.6,18,18.45,199957
2025-12-02,18.5,18.5,18.3,18.45,1900
2025-12-03,18.15,18.25,17.5,18.2,12147
2025-12-04,18.15,18.35,18.05,18.05,5239
2025-12-05,18.25,18.5,18.25,18.4,7018
2025-12-08,17.75,18.25,17.5,18,2056
2025-12-09,17.8,17.8,17.5,17.8,2167
2025-12-10,17.75,18.75,17.75,18.25,7164
2025-12-11,18.3,18.9,18.15,18.55,2277
2025-12-12,18.85,19.6,18.35,19,13547
2025-12-15,19,19.35,17.5,18.9,7007
2025-12-16,18.4,18.9,18.4,18.45,1453
2025-12-17,18.55,18.65,18.25,18.4,4566
2025-12-18,18.4,18.55,18.35,18.35,5182
2025-12-19,18.3,18.9,18.3,18.85,19157
2025-12-22,18.7,18.75,18.4,18.75,644
2025-12-23,17.65,19.2,17.65,18.95,1611
2025-12-24,18.95,19.4,18.65,19.4,170
2025-12-29,18.9,19.35,18.1,19.05,1077
2025-12-30,19.3,19.55,19.2,19.4,364
2025-12-31,19.45,19.75,19.45,19.7,1434
2026-01-02,19.95,20.7,19.8,20.7,2285
2026-01-05,20.6,20.6,20.2,20.6,2224
2026-01-06,20.6,21,19.9,20.9,4145
2026-01-07,20.5,20.5,20.1,20.4,6530
2026-01-08,19.9,20,19.65,19.95,168
2026-01-09,19.25,19.85,19.25,19.85,1025
2026-01-12,19.85,21.6,19.85,20.5,1329
2026-01-13,20.3,20.3,19.5,20.2,2487
2026-01-14,20.7,21.3,20.5,20.5,1531
2026-01-15,21,21.4,20.6,20.6,2333
2026-01-16,20.9,21.1,19.95,21,5196
2026-01-19,20.3,21,19.95,20.8,652
2026-01-20,20.7,20.7,19.95,20.5,1657
2026-01-21,19.8,21,17.6,19.9,1379
2026-01-22,19.9,21.1,19.9,20.7,1186
2026-01-23,20.5,20.8,20.1,20.1,2236
2026-01-26,20.7,20.7,20.3,20.7,17
2026-01-27,21.2,21.6,20.5,21.2,3421
2026-01-28,21,21.7,20.8,21.2,10141
2026-01-29,21.7,23,21.3,22.1,2266
2026-01-30,21,22.1,20.7818,21.3,12220
2026-02-02,20.5,21,17.25,21,8580
2026-02-03,21,22.5,17.25,22.1,3404
2026-02-04,22,22.5,21.3,22,5777
2026-02-05,21.7,22.5,21.4,21.4,5993
2026-02-06,21.3,23,19.85,23,4112
2026-02-09,22.6,22.6,21.7,22,5945
2026-02-10,22.2,23.5,22.2,23.5,7447
2026-02-11,22.9,23.2,22.6,23,4607
2026-02-12,22.8,23,22.5,22.9,2381
2026-02-13,22.4,23,21.8,22.5,24698
2026-02-16,22.3,23.2,22.1,22.2,4739
2026-02-17,22.2,22.5,21.9,22.5,759
2026-02-18,22.6,23.2,22.6,23.2,8352
2026-02-19,22.6,23.1,22.2,22.5,5840
2026-02-20,22.4,23.1,22.1,22.8,737
2026-02-23,22.8,23.2,22.5,23.2,12895
2026-02-24,22.4,23.6,22.4,23.6,4992
2026-02-25,23.6,24.2,23.4,23.7,747
2026-02-26,23.4,24.2,23.2,23.9,4850
2026-02-27,23.5,24.7,22.9,22.9,13712
2026-03-02,22.5,23,21.8,23,10078
2026-03-03,22.5,22.9,21.3,21.6,3966
2026-03-04,21.2,22,20.8,21.3,4801
